Name,id
Alex Abrines,1
Jaylen Adams,2
Steven Adams,3
Bam Adebayo,4
DeVaughn Akoon-Purcell,5
LaMarcus Aldridge,6
Rawle Alkins,7
Grayson Allen,8
Jarrett Allen,9
Al-Farouq Aminu,10
Justin Anderson,11
Kyle Anderson,12
Ryan Anderson,13
Ike Anigbogu,14
Giannis Antetokounmpo,15
Kostas Antetokounmpo,16
Carmelo Anthony,17
OG Anunoby,18
Ryan Arcidiacono,19
Trevor Ariza,20
D.J. Augustin,21
Deandre Ayton,22
Dwayne Bacon,23
Marvin Bagley III,24
Ron Baker,25
Wade Baldwin IV,26
Lonzo Ball,27
Mo Bamba,28
J.J. Barea,29
Harrison Barnes,30
Will Barton,31
Keita Bates-Diop,32
Nicolas Batum,33
Jerryd Bayless,34
Aron Baynes,35
Kent Bazemore,36
Bradley Beal,37
Malik Beasley,38
Michael Beasley,39
Marco Belinelli,40
Jordan Bell,41
DeAndre' Bembry,42
Dragan Bender,43
Davis Bertans,44
Patrick Beverley,45
Khem Birch,46
Jabari Bird,47
Bismack Biyombo,48
Nemanja Bjelica,49
Antonio Blakeney,50
Eric Bledsoe,51
Trevon Bluiett,52
Bogdan Bogdanovic,53
Bojan Bogdanovic,54
Jonah Bolden,55
Isaac Bonga,56
Devin Booker,57
Chris Boucher,58
Avery Bradley,59
Tony Bradley,60
Mikal Bridges,61
Miles Bridges,62
Isaiah Briscoe,63
Ryan Broekhoff,64
Malcolm Brogdon,65
Dillon Brooks,66
MarShon Brooks,67
Troy Brown Jr.,68
Bruce Brown,69
Jaylen Brown,70
Lorenzo Brown,71
Sterling Brown,72
Jalen Brunson,73
Thomas Bryant,74
Reggie Bullock,75
Trey Burke,76
Alec Burks,77
Deonte Burton,78
Jimmy Butler,79
Jose Calderon,80
Kentavious Caldwell-Pope,81
Isaiah Canaan,82
Clint Capela,83
DeMarre Carroll,84
Wendell Carter Jr.,85
Michael Carter-Williams,86
Jevon Carter,87
Vince Carter,88
Alex Caruso,89
Omri Casspi,90
Willie Cauley-Stein,91
Troy Caupain,92
Tyler Cavanaugh,93
Tyson Chandler,94
Wilson Chandler,95
Joe Chealey,96
Marquese Chriss,97
Gary Clark,98
Ian Clark,99
Jordan Clarkson,100
John Collins,101
Zach Collins,102
Darren Collison,103
Mike Conley,104
Pat Connaughton,105
Quinn Cook,106
DeMarcus Cousins,107
Robert Covington,108
Allen Crabbe,109
Torrey Craig,110
Jamal Crawford,111
Jae Crowder,112
Dante Cunningham,113
Seth Curry,114
Stephen Curry,115
Troy Daniels,116
Anthony Davis,117
Ed Davis,118
Tyler Davis,119
Dewayne Dedmon,120
Sam Dekker,121
Angel Delgado,122
Matthew Dellavedova,123
Luol Deng,124
DeMar DeRozan,125
Marcus Derrickson,126
Cheick Diallo,127
Hamidou Diallo,128
Gorgui Dieng,129
Spencer Dinwiddie,130
Donte DiVincenzo,131
Luka Doncic,132
Tyler Dorsey,133
Damyean Dotson,134
PJ Dozier,135
Goran Dragic,136
Andre Drummond,137
Jared Dudley,138
Kris Dunn,139
Kevin Durant,140
Trevon Duval,141
Vincent Edwards,142
Henry Ellenson,143
Wayne Ellington,144
Joel Embiid,145
James Ennis III,146
Drew Eubanks,147
Jacob Evans,148
Keenan Evans,149
Tyreke Evans,150
Dante Exum,151
Kenneth Faried,152
Derrick Favors,153
Cristiano Felicio,154
Raymond Felton,155
Terrance Ferguson,156
Yogi Ferrell,157
Dorian Finney-Smith,158
Bryn Forbes,159
Evan Fournier,160
De'Aaron Fox,161
Melvin Frazier Jr.,162
Tim Frazier,163
Channing Frye,164
Markelle Fultz,165
Wenyen Gabriel,166
Danilo Gallinari,167
Langston Galloway,168
Marc Gasol,169
Pau Gasol,170
Rudy Gay,171
Paul George,172
Taj Gibson,173
Harry Giles III,174
Shai Gilgeous-Alexander,175
Rudy Gobert,176
Aaron Gordon,177
Eric Gordon,178
Marcin Gortat,179
Devonte' Graham,180
Treveon Graham,181
Jerami Grant,182
Jerian Grant,183
Danny Green,184
Draymond Green,185
Gerald Green,186
JaMychal Green,187
Jeff Green,188
Blake Griffin,189
Daniel Hamilton,190
Tim Hardaway Jr.,191
James Harden,192
Maurice Harkless,193
Montrezl Harrell,194
Devin Harris,195
Gary Harris,196
Joe Harris,197
Andrew Harrison,198
Shaquille Harrison,199
Tobias Harris,200
Isaiah Hartenstein,201
Josh Hart,202
Udonis Haslem,203
Gordon Hayward,204
John Henson,205
Juancho Hernangomez,206
Willy Hernangomez,207
Mario Hezonja,208
Isaiah Hicks,209
Buddy Hield,210
George Hill,211
Solomon Hill,212
Aaron Holiday,213
Jrue Holiday,214
Justin Holiday,215
Rondae Hollis-Jefferson,216
Richaun Holmes,217
Rodney Hood,218
Al Horford,219
Dwight Howard,220
Kevin Huerter,221
Chandler Hutchison,222
Serge Ibaka,223
Andre Iguodala,224
Ersan Ilyasova,225
Joe Ingles,226
Brandon Ingram,227
Kyrie Irving,228
Jonathan Isaac,229
Wes Iwundu,230
Jaren Jackson Jr.,231
Demetrius Jackson,232
Frank Jackson,233
Josh Jackson,234
Justin Jackson,235
Reggie Jackson,236
LeBron James,237
Amile Jefferson,238
Jonas Jerebko,239
Alize Johnson,240
Amir Johnson,241
James Johnson,242
Stanley Johnson,243
Tyler Johnson,244
Wesley Johnson,245
Nikola Jokic,246
Derrick Jones Jr.,247
Damian Jones,248
Tyus Jones,249
DeAndre Jordan,250
Cory Joseph,251
Frank Kaminsky,252
Enes Kanter,253
Luke Kennard,254
Michael Kidd-Gilchrist,255
George King,256
Maxi Kleber,257
Brandon Knight,258
Kevin Knox,259
Furkan Korkmaz,260
Luke Kornet,261
Kyle Korver,262
Kosta Koufos,263
Rodions Kurucs,264
Kyle Kuzma,265
Skal Labissiere,266
Jeremy Lamb,267
Zach LaVine,268
Jake Layman,269
TJ Leaf,270
Courtney Lee,271
Damion Lee,272
Alex Len,273
Kawhi Leonard,274
Meyers Leonard,275
Jon Leuer,276
Caris LeVert,277
Damian Lillard,278
Jeremy Lin,279
Shaun Livingston,280
Zach Lofton,281
Kevon Looney,282
Brook Lopez,283
Robin Lopez,284
Kevin Love,285
Kyle Lowry,286
Jordan Loyd,287
Timothe Luwawu-Cabarrot,288
Tyler Lydon,289
Trey Lyles,290
Shelvin Mack,291
Daryl Macon,292
J.P. Macura,293
Ian Mahinmi,294
Thon Maker,295
Boban Marjanovic,296
Lauri Markkanen,297
Jarell Martin,298
Frank Mason,299
Yante Maten,300
Wesley Matthews,301
Luc Mbah a Moute,302
CJ McCollum,303
T.J. McConnell,304
Doug McDermott,305
JaVale McGee,306
Rodney McGruder,307
Alfonzo McKinnie,308
Ben McLemore,309
Jordan McRae,310
Jodie Meeks,311
Salah Mejri,312
De'Anthony Melton,313
Chimezie Metu,314
Khris Middleton,315
CJ Miles,316
Darius Miller,317
Paul Millsap,318
Patty Mills,319
Shake Milton,320
Nikola Mirotic,321
Donovan Mitchell,322
Naz Mitrou-Long,323
Malik Monk,324
Greg Monroe,325
E'Twaun Moore,326
Jaylen Morris,327
Marcus Morris,328
Markieff Morris,329
Monte Morris,330
Johnathan Motley,331
Timofey Mozgov,332
Emmanuel Mudiay,333
Dejounte Murray,334
Jamal Murray,335
Dzanan Musa,336
Mike Muscala,337
Svi Mykhailiuk,338
Abdel Nader,339
Larry Nance Jr.,340
Shabazz Napier,341
Nene ,342
Raul Neto,343
Georges Niang,344
Nerlens Noel,345
Dirk Nowitzki,346
Frank Ntilikina,347
James Nunnally,348
Jusuf Nurkic,349
David Nwaba,350
Royce O'Neale,351
Kyle O'Quinn,352
Semi Ojeleye,353
Jahlil Okafor,354
Elie Okobo,355
Josh Okogie,356
Victor Oladipo,357
Kelly Olynyk,358
Cedi Osman,359
Kelly Oubre Jr.,360
Zaza Pachulia,361
Jabari Parker,362
Tony Parker,363
Chandler Parsons,364
Patrick Patterson,365
Justin Patton,366
Chris Paul,367
Cameron Payne,368
Elfrid Payton,369
Theo Pinson,370
Mason Plumlee,371
Miles Plumlee,372
Jakob Poeltl,373
Quincy Pondexter,374
Michael Porter Jr.,375
Otto Porter Jr.,376
Bobby Portis,377
Kristaps Porzingis,378
Dwight Powell,379
Norman Powell,380
Alex Poythress,381
Billy Preston,382
Taurean Prince,383
Zhou Qi,384
Ivan Rabb,385
Chasson Randle,386
Julius Randle,387
Zach Randolph,388
JJ Redick,389
Davon Reed,390
Josh Richardson,391
Malachi Richardson,392
Austin Rivers,393
Andre Roberson,394
Glenn Robinson III,395
Devin Robinson,396
Duncan Robinson,397
Jerome Robinson,398
Mitchell Robinson,399
Rajon Rondo,400
Derrick Rose,401
Terrence Ross,402
Terry Rozier,403
Ricky Rubio,404
D'Angelo Russell,405
Domantas Sabonis,406
Dario Saric,407
Tomas Satoransky,408
Dennis Schroder,409
Mike Scott,410
Thabo Sefolosha,411
Wayne Selden,412
Collin Sexton,413
Landry Shamet,414
Iman Shumpert,415
Pascal Siakam,416
Ben Simmons,417
Jonathon Simmons,418
Anfernee Simons,419
Marcus Smart,420
Dennis Smith Jr.,421
Ish Smith,422
Jason Smith,423
JR Smith,424
Zhaire Smith,425
Tony Snell,426
Ray Spalding,427
Omari Spellman,428
Nik Stauskas,429
DJ Stephens,430
Lance Stephenson,431
Edmond Sumner,432
Caleb Swanigan,433
Jayson Tatum,434
Jeff Teague,435
Garrett Temple,436
Milos Teodosic,437
Jared Terrell,438
Daniel Theis,439
Isaiah Thomas,440
Khyri Thomas,441
Lance Thomas,442
Klay Thompson,443
Tristan Thompson,444
Sindarius Thornwell,445
Anthony Tolliver,446
Karl-Anthony Towns,447
Gary Trent Jr.,448
Allonzo Trier,449
PJ Tucker,450
Evan Turner,451
Myles Turner,452
Ekpe Udoh,453
Tyler Ulis,454
Jonas Valanciunas,455
Denzel Valentine,456
Jarred Vanderbilt,457
Fred VanVleet,458
Noah Vonleh,459
Nikola Vucevic,460
Dwyane Wade,461
Moritz Wagner,462
Dion Waiters,463
Lonnie Walker IV,464
Kemba Walker,465
Tyrone Wallace,466
John Wall,467
Brad Wanamaker,468
T.J. Warren,469
Yuta Watanabe,470
Thomas Welsh,471
Russell Westbrook,472
Derrick White,473
Hassan Whiteside,474
Andrew Wiggins,475
Robert Williams III,476
Alan Williams,477
C.J. Williams,478
Johnathan Williams,479
Kenrich Williams,480
Lou Williams,481
Marvin Williams,482
Troy Williams,483
D.J. Wilson,484
Justise Winslow,485
Christian Wood,486
Delon Wright,487
Guerschon Yabusele,488
Thaddeus Young,489
Trae Young,490
Cody Zeller,491
Ante Zizic,492
Ivica Zubac,493
Michael Smith,494
John Morton,495
Howard Wright,496
Michael Ansley,497
John Salley,498
Dan Schayes,499
Mark Eaton,500
Kevin Johnson,501
Danny Ainge,502
Kenny Smith,503
Randy Breuer,504
Herb Williams,505
Joe Wolf,506
Steve Johnson,507
Glen Rice,508
Greg Foster,509
Larry Nance,510
Duane Ferrell,511
Nick Anderson,512
Joe Dumars,513
Jay Humphries,514
Darrell Griffith,515
Dan Majerle,516
Tom Chambers,517
Alaa Abdelnaby,518
Adrian Caldwell,519
Vernon Maxwell,520
Doug West,521
Tony Campbell,522
Roy Tarpley,523
Anthony Cook,524
Todd Lichti,525
Tom Tolbert,526
Billy Thompson,527
Byron Irvin,528
Mark Price,529
Dominique Wilkins,530
Dennis Scott,531
Terry Catledge,532
Bill Laimbeer,533
William Bedford,534
Ricky Pierce,535
Blue Edwards,536
Walter Palmer,537
Mark West,538
Clifford Robinson,539
Hakeem Olajuwon,540
Richard Coffey,541
James Donaldson,542
Jerome Lane,543
Sarunas Marciulionis,544
Grant Long,545
Willie Burton,546
Mark Alarie,547
Winston Bennett,548
Doc Rivers,549
Tim McCormick,550
Scott Skiles,551
Dennis Rodman,552
Greg Anderson,553
Jeff Malone,554
Cedric Ceballos,555
Tim Perry,556
Buck Williams,557
Dave Jamerson,558
Scott Brooks,559
Rolando Blackman,560
Avery Johnson,561
Rod Higgins,562
Jon Sundvold,563
A.J. English,564
John Battle,565
Sam Vincent,566
Isiah Thomas,567
Brad Lohaus,568
Mike Brown,569
Kenny Battle,570
Danny Young,571
Larry Smith,572
Pooh Richardson,573
Derek Harper,574
Michael Adams,575
Tim Hardaway,576
Bimbo Coles,577
Darrell Walker,578
Kevin Willis,579
Otis Smith,580
James Edwards,581
Frank Brickowski,582
Karl Malone,583
Ian Lockhart,584
Kevin Duckworth,585
Otis Thorpe,586
Gerald Glass,587
Alex English,588
T.R. Dunn,589
Alton Lister,590
Sherman Douglas,591
Charles Jones,592
Moses Malone,593
Mark Acres,594
Lance Blanks,595
Jeff Grayer,596
Chris Munk,597
Jeff Hornacek,598
Jerome Kersey,599
Dave Feitl,600
Tod Murphy,601
Lafayette Lever,602
Corey Gaines,603
Mitch Richmond,604
Kevin Edwards,605
Haywoode Workman,606
Tom Hammonds,607
Rumeal Robinson,608
Greg Kite,609
Vinnie Johnson,610
Jack Sikma,611
Delaney Rudd,612
Ed Nealy,613
Wayne Cooper,614
Sleepy Floyd,615
Felton Spencer,616
Tyrone Corbin,617
Marcus Liberty,618
Walter Davis,619
Tyrone Hill,620
Alec Kessler,621
Terry Davis,622
Larry Robinson,623
Sidney Moncrief,624
Jeff Turner,625
Scott Hastings,626
Alvin Robertson,627
Steve Henson,628
Andy Toolson,629
Thurl Bailey,630
Kurt Rambis,631
Clyde Drexler,632
David Wood,633
Sam Mitchell,634
Rodney McCray,635
Blair Rasmussen,636
Kevin Pritchard,637
Milt Wagner,638
Bernard King,639
Roy Hinson,640
Matt Bullard,641
Alan Ogg,642
Kevin Lynch,643
Larry Krystkowiak,644
Pete Chilcutt,645
Randy Brown,646
Elliot Perry,647
Jimmy Oliver,648
Terrell Brandon,649
Greg Sutton,650
Tom Copa,651
Donald Hodge,652
Joao Vianna,653
Mike Iuzzolino,654
Greg Anthony,655
Albert King,656
Tellis Frank,657
David Benoit,658
Demetrius Calip,659
Dikembe Mutombo,660
Mark Macon,661
Chris Gatling,662
Victor Alexander,663
Mark Randall,664
Mitchell Wiggins,665
Tharon Mayes,666
Charles Thomas,667
Robert Pack,668
John Bagley,669
Rick Fox,670
Larry Johnson,671
Alexander Volkov,672
Stacey Augmon,673
Carl Thomas,674
Steven Smith,675
Stanley Roberts,676
Doug Lee,677
Rafael Addison,678
Sean Green,679
Corey Crowder,680
Eric Murdock,681
Kevin Brooks,682
Carlton McKinney,683
Billy Owens,684
Doug Smith,685
Marty Conlon,686
Rich King,687
Brad Sellers,688
Rodney Monroe,689
Lanard Copeland,690
LeRon Ellis,691
Larry Stewart,692
John Turner,693
Charles Shackleford,694
Keith Owens,695
Paul Graham,696
Kenny Anderson,697
Carl Herrera,698
Myron Brown,699
Dale Davis,700
Labradford Smith,701
Bison Dele,702
Chuck Nevitt,703
Patrick Eddie,704
David Rivers,705
Luc Longley,706
Bob McCann,707
Donald Royal,708
Anthony Bowie,709
Chris Corchiani,710
Stephen Thompson,711
Jeff Ruland,712
Ronnie Grandison,713
Lamont Strothers,714
Tracy Moore,715
Jaren Jackson,716
Ennis Whatley,717
Brian Howard,718
Steve Burtt,719
Cedric Hunter,720
Stephen Bardo,721
Cliff T. Robinson,722
Derek Strong,723
Bobby Phills,724
Anthony Avent,725
Lee Mayberry,726
Todd Day,727
Tony Bennett,728
Brent Price,729
Don MacLean,730
Tom Gugliotta,731
Walt Williams,732
Lloyd Daniels,733
Vinny Del Negro,734
Shaquille O'Neal,735
Adam Keefe,736
Clar. Weatherspoon,737
Robert Horry,738
Chris Smith,739
Christian Laettner,740
Gundars Vetra,741
Corey Williams,742
Elmore Spencer,743
Anthony Peeler,744
Duane Cooper,745
John Crotty,746
Stephen Howard,747
Byron Houston,748
Keith Jennings,749
Latrell Sprewell,750
Bryant Stith,751
LaPhonso Ellis,752
Matt Othick,753
Sam Mack,754
Anthony Pullard,755
Malik Sealy,756
Hubert Davis,757
Sean Rooks,758
Walter Bond,759
Harold Miner,760
Oliver Miller,761
Lorenzo Williams,762
Dave Johnson,763
Reggie Smith,764
Tracy Murray,765
Robert Werdann,766
Alex Stivrins,767
Frank Johnson,768
Randy Woods,769
Litterial Green,770
Alonzo Mourning,771
Alex Blackwell,772
Isaiah Morris,773
Doug Overton,774
Eric Anderson,775
Tim Kempton,776
Stan Kimbrough,777
Jay Guidinger,778
Gary Plummer,779
Matt Geiger,780
Marcus Webb,781
Jojo English,782
Marlon Maxey,783
Jon Barry,784
Richard Dumas,785
Radisav Curcic,786
Andre Spencer,787
Dexter Cambridge,788
Joe Courtney,789
Duane Washington,790
Melvin Newbern,791
Ricky Blanton,792
Jim Jackson,793
Barry Stevens,794
Doug Christie,795
Pat Durham,796
Thomas Jordan,797
Gary Alexander,798
Anfernee Hardaway,799
Keith Tower,800
Chris Whitney,801
Josh Grant,802
Bobby Hurley,803
Mike Peplowski,804
Darnell Mee,805
Rodney Rogers,806
Acie Earl,807
Dino Radja,808
Chris Mills,809
Vin Baker,810
Antonio Harvey,811
Nick Van Exel,812
Terry Dehere,813
James Robinson,814
Corie Blount,815
Toni Kukoc,816
Michael Curry,817
Shawn Bradley,818
Warren Kidd,819
Calbert Cheaney,820
Mitchell Butler,821
Tito Horford,822
Bryon Russell,823
Luther Wright,824
Darren Morningstar,825
Jamal Mashburn,826
Lucious Harris,827
Popeye Jones,828
Eric Riley,829
Sam Cassell,830
P.J. Brown,831
Rex Walters,832
Antonio Davis,833
Allan Houston,834
Lindsey Hunter,835
Brian Davis,836
Isaiah Rider,837
Matt Wenstrom,838
Scott Haskin,839
Gerald Madkins,840
Greg Graham,841
Ervin Johnson,842
George Lynch,843
Bob Martin,844
Ricky Grace,845
Sedric Toney,846
Chris Webber,847
Gheorghe Muresan,848
Richard Petruska,849
Kevin Thompson,850
Adonis Jordan,851
Scott Burrell,852
Dell Demps,853
Evers Burns,854
Aaron Williams,855
Stanley Jackson,856
David Wesley,857
Chris King,858
Doug Edwards,859
Harold Ellis,860
Malcolm Mackey,861
Ben Coleman,862
Roy Marble,863
Reggie Jordan,864
Chad Gallagher,865
Bo Outlaw,866
Bill Edwards,867
Andrew Gaze,868
Alphonso Ford,869
Andres Guibert,870
Skeeter Henry,871
Chris Jent,872
Geert Hammink,873
Jalen Rose,874
Reggie Slater,875
Askia Jones,876
Donyell Marshall,877
Howard Eisley,878
Grant Hill,879
Anthony Miller,880
Eddie Jones,881
Dickey Simpkins,882
Eric Piatkowski,883
Lamond Murray,884
Matt Fish,885
Aaron McKie,886
Eric Montross,887
Fred Vinson,888
Tom Hovasse,889
Jamie Watson,890
Khalid Reeves,891
Brian Grant,892
Henry Turner,893
Michael Smith,894
Antonio Lang,895
Wesley Person,896
B.J. Tyler,897
Derrick Alston,898
Sharone Wright,899
Eric Mobley,900
Darrin Hancock,901
Bill Curley,902
Anthony Tucker,903
Tim Breaux,904
Zan Tabak,905
Brooks Thompson,906
Glenn Robinson,907
Jason Kidd,908
Tony Dumas,909
Monty Williams,910
Carlos Rogers,911
Sergei Bazarevich,912
Julius Nwosu,913
Trevor Ruffin,914
Yinka Dare,915
Greg Minor,916
Clifford Rozier,917
Charlie Ward,918
Dontonio Wingfield,919
Aaron Swinson,920
Jim McIlvaine,921
Juwan Howard,922
James Blackwell,923
Ivano Newbill,924
Dwayne Morton,925
Chris Childs,926
Ryan Lorthridge,927
Elmer Bennett,928
Darrick Martin,929
Jerome Harmon,930
Mark Strickland,931
Eldridge Recasner,932
Darrell Armstrong,933
Derrick Phelps,934
Cherokee Parks,935
Loren Meyer,936
Charles Claxton,937
Eric Williams,938
Junior Burrough,939
Brent Barry,940
Chris Carr,941
Michael Finley,942
Greg Ostertag,943
Eric Snow,944
Sherell Ford,945
Jerry Stackhouse,946
Jeff Webster,947
Rasheed Wallace,948
Arvydas Sabonis,949
Gary Trent,950
Randolph Childress,951
Bryant Reeves,952
Lawrence Moten,953
Jason Caffey,954
George Zidek,955
Alvin Heggs,956
Joe Smith,957
Alan Henderson,958
Travis Best,959
Damon Stoudamire,960
Jimmy King,961
Ed O'Bannon,962
Lou Roe,963
Theo Ratliff,964
Antonio McDyess,965
Bob Sura,966
Donny Marshall,967
John Amaechi,968
Tyus Edney,969
Jerome Allen,970
Kevin Garnett,971
Mark Davis,972
Marques Bragg,973
Shawn Respert,974
Fred Hoiberg,975
Frankie King,976
Don Reid,977
Kurt Thomas,978
Sasha Danilovic,979
Terrence Rencher,980
Cory Alexander,981
Howard Nathan,982
Todd Mundt,983
David Vaughn,984
Log Vander Velden,985
Ashraf Amaya,986
Stefano Rusconi,987
Larry Sykes,988
Vincenzo Esposito,989
Corliss Williamson,990
Rastko Cvetkovic,991
Corey Beck,992
Voshon Lenard,993
Anthony Goldwire,994
Andrew DeClercq,995
Richard Manning,996
Clint McDaniel,997
Martin Lewis,998
Dwayne Whitfield,999
Mario Bennett,1000
Melvin Booker,1001
Darryl Johnson,1002
John Coker,1003
Donnie Boyce,1004
Thomas Hamilton,1005
Robert Churchwell,1006
Cuonzo Martin,1007
Cedric Lewis,1008
Antoine Walker,1009
Brett Szabo,1010
Brent Scott,1011
Erick Dampier,1012
Jerome Williams,1013
John Wallace,1014
Walter McCarty,1015
Marcus Camby,1016
Donald Whiteside,1017
Shareef Abdur-Rahim,1018
Roy Rogers,1019
Ben Wallace,1020
Reggie Geary,1021
Vitaly Potapenko,1022
Ed O'Bannon,1023
Kerry Kittles,1024
Erick Strickland,1025
Darvin Ham,1026
Stephon Marbury,1027
Shane Heal,1028
Dean Garrett,1029
Priest Lauderdale,1030
Ike Austin,1031
Loy Vaught,1032
Lorenzen Wright,1033
Todd Fuller,1034
Ray Owes,1035
Ray Allen,1036
Allen Iverson,1037
Mark Bradtke,1038
Steve Nash,1039
Ben Davis,1040
Derek Fisher,1041
Travis Knight,1042
Kobe Bryant,1043
Matt Maloney,1044
Othella Harrington,1045
Randy Livingston,1046
Emanual Davis,1047
Shandon Anderson,1048
Malik Rose,1049
Tony Delk,1050
Jeff McInnis,1051
Dontae' Jones,1052
Nate Driggers,1053
Samaki Walker,1054
Amal McCaskill,1055
James Scott,1056
Mark Hendrickson,1057
Aleksandar Djordjevic,1058
Jermaine O'Neal,1059
Chris Robinson,1060
Kevin Salvadori,1061
Evric Gray,1062
Moochie Norris,1063
Devin Gray,1064
Martin Muursepp,1065
Gaylon Nickerson,1066
Marcus Brown,1067
Robert Werdann,1068
Ruben Nembhard,1069
Jamie Feick,1070
Jason Sasser,1071
Tony Farmer,1072
Shawnelle Scott,1073
Brian Evans,1074
Steve Hamer,1075
Dexter Boney,1076
Michael Hawkins,1077
Joe Stephens,1078
Horacio Llamas,1079
Jimmy Carruth,1080
Bruce Bowen,1081
Stevin Smith,1082
Matt Steigenga,1083
Kevin Ollie,1084
Bubba Wells,1085
Antonio Daniels,1086
Tracy McGrady,1087
Chris Garner,1088
Tim Duncan,1089
Tony Battie,1090
Bobby Jackson,1091
Danny Fortson,1092
Eric Washington,1093
Etdrick Bohannon,1094
Mark Pope,1095
Ron Mercer,1096
Chauncey Billups,1097
John Thomas,1098
Kelvin Cato,1099
Alvin Williams,1100
Maurice Taylor,1101
Keith Closs,1102
Adonal Foyle,1103
DeJuan Wheat,1104
Ed Gray,1105
Chris Crawford,1106
Zydrunas Ilgauskas,1107
Derek Anderson,1108
Brevin Knight,1109
Cedric Henderson,1110
Rodrick Rhodes,1111
Jacque Vaughn,1112
Troy Hudson,1113
Jerald Honeycutt,1114
Jeff Nordgaard,1115
Tim Thomas,1116
God Shammgod,1117
Scot Pollard,1118
Keith Van Horn,1119
Michael Stewart,1120
Anthony Johnson,1121
Derek Grimm,1122
Lawrence Funderburke,1123
Chris Anstey,1124
Rick Brunson,1125
Travis Williams,1126
Tariq Abdul-Wahad,1127
Charles Smith,1128
Keith Booth,1129
Ed Stokes,1130
Charles O'Bannon,1131
Austin Croshere,1132
Rusty LaRue,1133
Kiwane Garris,1134
Marko Milic,1135
Johnny Taylor,1136
James Cotton,1137
James Collins,1138
Anthony Parker,1139
Jason Lawson,1140
Kebu Stewart,1141
Kelly McCarty,1142
Drew Barry,1143
Michael McDonald,1144
Brandon Williams,1145
William Cunningham,1146
Shea Seals,1147
Reggie Hanson,1148
Rashard Lewis,1149
Jelani McCoy,1150
Vladimir Stepania,1151
Larry Hughes,1152
Casey Shaw,1153
Nazr Mohammed,1154
Ricky Davis,1155
Brad Miller,1156
Mikki Moore,1157
Michael Doleac,1158
Matt Harpring,1159
Miles Simon,1160
Jason Williams,1161
Peja Stojakovic,1162
Jerome James,1163
Peter Aluma,1164
Gerard King,1165
Mark Baker,1166
Sean Marks,1167
Paul Pierce,1168
Marlon Garnett,1169
Jahidi White,1170
Randell Jackson,1171
Al Harrington,1172
Shammond Williams,1173
Jeff Sheppard,1174
Roshown McLeod,1175
Pat Garrity,1176
Gerald Brown,1177
Toby Bailey,1178
Michael Olowokandi,1179
Tyrone Nesby,1180
Michael Dickerson,1181
Bryce Drew,1182
John Coker,1183
Cuttino Mobley,1184
Ruben Patterson,1185
Sam Jacobson,1186
Tyronn Lue,1187
Kornel David,1188
Cory Carr,1189
Corey Benjamin,1190
Paul Grant,1191
Andrae Patterson,1192
Raef LaFrentz,1193
Keon Clark,1194
Tyson Wheeler,1195
Robert Traylor,1196
Earl Boykins,1197
Antawn Jamison,1198
Mike Bibby,1199
Felipe Lopez,1200
J.R. Henderson,1201
Bonzi Wells,1202
Damon Jones,1203
Charles R. Jones,1204
Ryan Stack,1205
Brian Skinner,1206
Jonathan Kerner,1207
Korleone Young,1208
Trevor Winter,1209
Bruno Sundov,1210
Mirsad Turkcan,1211
Alvin Sims,1212
Rasho Nesterovic,1213
Todd MacCulloch,1214
Jumaine Jones,1215
Lamar Odom,1216
Obinna Ekezie,1217
Milt Palacio,1218
Devean George,1219
Quincy Lewis,1220
Scott Padgett,1221
Andre Miller,1222
Trajan Langdon,1223
Anthony Carter,1224
Rodney Buford,1225
Shawn Marion,1226
James Posey,1227
Ryan Bowen,1228
Adrian Griffin,1229
Wayne Turner,1230
Aleksandar Radojevic,1231
Steve Francis,1232
Kenny Thomas,1233
Vonteego Cummings,1234
Corey Maggette,1235
Chucky Atkins,1236
Baron Davis,1237
Jason Miskiri,1238
Eddie Robinson,1239
Derek Hood,1240
Jeff Foster,1241
Jason Terry,1242
Cal Bowdler,1243
Dion Glover,1244
Richard Hamilton,1245
Laron Profit,1246
Elton Brand,1247
Michael Ruffin,1248
Metta World Peace,1249
Dedric Willoughby,1250
Wally Szczerbiak,1251
William Avery,1252
Rick Hughes,1253
Leon Smith,1254
Lazaro Borrell,1255
Jermaine Jackson,1256
Chris Herren,1257
John Celestand,1258
Lari Ketner,1259
Tim Young,1260
DeMarco Johnson,1261
A.J. Bramlett,1262
Harold Jamison,1263
Jonathan Bender,1264
Jamel Thomas,1265
Evan Eschmeyer,1266
Greg Buckner,1267
Tim James,1268
Rafer Alston,1269
Ira Bowman,1270
Derrick Dial,1271
Calvin Booth,1272
Maceo Baston,1273
Jamaal Magloire,1274
Hanno Mottola,1275
DerMarr Johnson,1276
Pepe Sanchez,1277
Lavor Postell,1278
Chris Mihm,1279
Stephen Jackson,1280
Kenyon Martin,1281
Soumaila Samake,1282
Desmond Mason,1283
Ruben Wolkowyski,1284
Stromile Swift,1285
Joel Przybilla,1286
Michael Redd,1287
Eduardo Najera,1288
Courtney Alexander,1289
Hedo Turkoglu,1290
Khalid El-Amin,1291
Marcus Fizer,1292
A.J. Guyton,1293
Dragan Tarlac,1294
Darius Miles,1295
Keyon Dooling,1296
Quentin Richardson,1297
DeShawn Stevenson,1298
Mike Miller,1299
Mark Madsen,1300
Erick Barkley,1301
Mateen Cleaves,1302
Morris Peterson,1303
Jason Collier,1304
Daniel Santiago,1305
Paul McPherson,1306
Ruben Garces,1307
Jake Tsakalidis,1308
Marc Jackson,1309
Chris Porter,1310
Jamal Robinson,1311
Eddie House,1312
Jerome Moiso,1313
Mark Blount,1314
Dan Langhi,1315
Garth Joseph,1316
Jake Voskuhl,1317
Mike Penberthy,1318
Lee Nailon,1319
Zendon Hamilton,1320
Terrance Roberson,1321
Dalibor Bagaric,1322
Ira Newble,1323
Donnell Harvey,1324
Brian Cardinal,1325
Slava Medvedenko,1326
Olumide Oyedeji,1327
Andy Panko,1328
Jabari Smith,1329
Mamadou N'diaye,1330
Sean Colson,1331
Art Long,1332
Mike Smith,1333
David Vanterpool,1334
Steve Goodrich,1335
Eddie Gill,1336
Wang Zhi-zhi,1337
Dan McClintock,1338
Raja Bell,1339
Jason Hart,1340
Vladimir Radmanovic,1341
Earl Watson,1342
Gerald Wallace,1343
Jamaal Tinsley,1344
Primoz Brezec,1345
Richard Jefferson,1346
Brandon Armstrong,1347
Jason Collins,1348
Carlos Arroyo,1349
Michael Bradley,1350
Steven Hunter,1351
Andrei Kirilenko,1352
Alton Ford,1353
Charlie Bell,1354
Speedy Claxton,1355
Damone Brown,1356
Loren Woods,1357
Eddie Griffin,1358
Oscar Torres,1359
Tierre Brown,1360
Terence Morris,1361
Zeljko Rebraca,1362
Rodney White,1363
Joe Johnson,1364
Joseph Forte,1365
Kedrick Brown,1366
DeSagana Diop,1367
Kwame Brown,1368
Bobby Simmons,1369
Etan Thomas,1370
Ruben Boumtje-Boumtje,1371
Jason Richardson,1372
Troy Murphy,1373
Gilbert Arenas,1374
Trenton Hassell,1375
Eddy Curry,1376
Tang Hamilton,1377
Shane Battier,1378
Will Solomon,1379
Antonis Fotsis,1380
Alvin Jones,1381
Jeff Trepagnier,1382
Joe Crispin,1383
Ernest Brown,1384
Jarron Collins,1385
Jamison Brewer,1386
Malik Allen,1387
Predrag Drobnjak,1388
Chris Andersen,1389
Kenny Satterfield,1390
Brendan Haywood,1391
Kirk Haston,1392
Samuel Dalembert,1393
Mike James,1394
Maurice Evans,1395
Jeryl Sasser,1396
Dean Oliver,1397
Norman Richardson,1398
Brian Scalabrine,1399
Ratko Varda,1400
Tremaine Fowlkes,1401
Mengke Bateer,1402
Ike Fontaine,1403
Ansu Sesay,1404
Omar Cook,1405
John Salmons,1406
Efthimios Rentzias,1407
Pat Burke,1408
Ryan Humphrey,1409
Carlos Boozer,1410
Smush Parker,1411
Manu Ginobili,1412
Jannero Pargo,1413
Kareem Rush,1414
Frank Williams,1415
Tayshaun Prince,1416
Mehmet Okur,1417
Jared Jeffries,1418
Juan Dixon,1419
Nate Huffman,1420
Chris Jefferies,1421
Chris Wilcox,1422
Marko Jaric,1423
Qyntel Woods,1424
Jay Williams,1425
Lonny Baxter,1426
J.R. Bremer,1427
Jiri Welsch,1428
Mike Dunleavy,1429
Nikoloz Tskitishvili,1430
Junior Harrington,1431
Igor Rakocevic,1432
Amar'e Stoudemire,1433
Casey Jacobsen,1434
Reggie Evans,1435
Dan Gadzuric,1436
Marcus Haislip,1437
Flip Murray,1438
Caron Butler,1439
Rasual Butler,1440
Drew Gooden,1441
Gordan Giricek,1442
Mike Batiste,1443
Juaquin Hawkins,1444
Yao Ming,1445
Bostjan Nachbar,1446
Fred Jones,1447
Dan Dickau,1448
Tamar Slay,1449
Guy Rucker,1450
Devin Brown,1451
Robert Archibald,1452
Adam Harrington,1453
Ken Johnson,1454
Cezary Trybanski,1455
Dajuan Wagner,1456
Predrag Savovic,1457
Tito Maddox,1458
Melvin Ely,1459
Sean Lampley,1460
Vincent Yarbrough,1461
Mike Wilks,1462
Paul Shirley,1463
Antoine Rigaudeau,1464
Jamal Sampson,1465
Roger Mason Jr.,1466
Chris Owens,1467
T.J. Ford,1468
Zoran Planinic,1469
Josh Howard,1470
Marquis Daniels,1471
Luke Walton,1472
Jerome Beasley,1473
Willie Green,1474
Zarko Cabarkapa,1475
Leandro Barbosa,1476
Keith McLeod,1477
Ndudi Ebi,1478
Boris Diaw,1479
Travis Hansen,1480
David West,1481
Chris Bosh,1482
Ben Handlogten,1483
Sasha Pavlovic,1484
Raul Lopez,1485
Mo Williams,1486
Jason Kapono,1487
Darius Songaila,1488
Mickael Pietrus,1489
Britton Johnsen,1490
Reece Gaines,1491
Michael Sweetney,1492
Marcus Banks,1493
Francisco Elson,1494
Darko Milicic,1495
Jarvis Hayes,1496
Steve Blake,1497
Torraye Braggs,1498
Chris Kaman,1499
Luke Ridnour,1500
Richie Frahm,1501
Troy Bell,1502
Kirk Penney,1503
Matt Carroll,1504
Kirk Hinrich,1505
Linton Johnson,1506
Keith Bogans,1507
Alex Garcia,1508
Maciej Lampe,1509
Theron Smith,1510
Curtis Borchardt,1511
Travis Outlaw,1512
Kendrick Perkins,1513
Dahntay Jones,1514
Kaniel Dickens,1515
Brian Cook,1516
James Jones,1517
Brandon Hunter,1518
Slavko Vranes,1519
Ronald Dupree,1520
Ime Udoka,1521
Matt Barnes,1522
Maurice Carter,1523
Desmond Penigar,1524
Hiram Fuller,1525
Josh Davis,1526
Desmond Ferguson,1527
Sasha Vujacic,1528
Carlos Delfino,1529
Kevin Martin,1530
Erik Daniels,1531
DJ Mbenga,1532
Jameer Nelson,1533
Kirk Snyder,1534
Kris Humphries,1535
Nick Collison,1536
Robert Swift,1537
Damien Wilkins,1538
Lionel Chalmers,1539
Quinton Ross,1540
Josh Smith,1541
Josh Childress,1542
Royal Ivey,1543
Jackson Vroman,1544
Yuta Tabuse,1545
Peter John Ramos,1546
Sebastian Telfair,1547
Andris Biedrins,1548
Rafael Araujo,1549
Matt Bonner,1550
Beno Udrih,1551
Tony Allen,1552
Al Jefferson,1553
David Harrison,1554
John Edwards,1555
Luke Jackson,1556
Anderson Varejao,1557
Nenad Krstic,1558
Emeka Okafor,1559
Bernard Robinson,1560
Andres Nocioni,1561
Ben Gordon,1562
Jared Reiner,1563
Chris Duhon,1564
Mario Kasun,1565
Pape Sow,1566
Geno Carlisle,1567
Awvee Storey,1568
Tim Pickett,1569
Matt Freije,1570
Andre Barrett,1571
Justin Reed,1572
Donta Smith,1573
Delonte West,1574
Horace Jenkins,1575
Corsley Edwards,1576
Antonio Burks,1577
Tony Bobbitt,1578
Luis Flores,1579
Ibrahim Kutluay,1580
Ha Ha,1581
James Thomas,1582
Andre Emmett,1583
Brandin Knight,1584
Billy Thomas,1585
Viktor Khryapa,1586
Dorell Wright,1587
Maurice Baker,1588
Pavel Podkolzin,1589
Jackie Butler,1590
Mark Jones,1591
Fabricio Oberto,1592
Andrew Bogut,1593
Deng Gai,1594
Josh Powell,1595
Dijon Thompson,1596
Francisco Garcia,1597
Ronnie Price,1598
Brandon Bass,1599
Arvydas Macijauskas,1600
Deron Williams,1601
Robert Whaley,1602
Earl Barron,1603
Wayne Simien,1604
Matt Walsh,1605
Lawrence Roberts,1606
Hakim Warrick,1607
Andrew Bynum,1608
Linas Kleiza,1609
Daniel Ewing,1610
James Singleton,1611
Yaroslav Korolev,1612
Boniface Ndong,1613
Johan Petro,1614
Sean May,1615
Sarunas Jasikevicius,1616
Danny Granger,1617
Travis Diener,1618
Jarrett Jack,1619
Martell Webster,1620
Rashad McCants,1621
Nate Robinson,1622
Ryan Gomes,1623
Orien Greene,1624
Donell Taylor,1625
Joey Graham,1626
Charlie Villanueva,1627
Jason Maxiell,1628
Luther Head,1629
Salim Stoudamire,1630
Esteban Batista,1631
Chris Taft,1632
Aaron Miles,1633
Devin Green,1634
Monta Ellis,1635
Kevin Burleson,1636
Sergei Monia,1637
Andre Owens,1638
Eddie Basden,1639
Martynas Andriuskevicius,1640
David Lee,1641
Von Wafer,1642
Andray Blatche,1643
Melvin Sanders,1644
Shavlik Randolph,1645
Sharrod Ford,1646
Alan Anderson,1647
Julius Hodge,1648
Rawle Marshall,1649
Alex Scales,1650
Gerald Fitch,1651
Ike Diogu,1652
Antoine Wright,1653
Anthony Roberson,1654
Stephen Graham,1655
John Lucas III,1656
Randy Holcomb,1657
Sean Banks,1658
Alex Acker,1659
Bracey Wright,1660
Chuck Hayes,1661
Ronny Turiaf,1662
Dwayne Jones,1663
James Lang,1664
Noel Felix,1665
Luke Schenscher,1666
Will Bynum,1667
Anthony Grundy,1668
Derrick Zimmerman,1669
Jordan Farmar,1670
Tyrus Thomas,1671
Chris Quinn,1672
Robert Hite,1673
Cedric Simmons,1674
Hilton Armstrong,1675
Leon Powe,1676
Randy Foye,1677
Craig Smith,1678
Patrick O'Bryant,1679
Damir Markota,1680
David Noel,1681
Paul Davis,1682
Renaldo Balkman,1683
Mardy Collins,1684
Alexander Johnson,1685
Steve Novak,1686
Vassilis Spanoulis,1687
Ronnie Brewer,1688
Brandon Roy,1689
Mouhamed Sene,1690
Mickael Gelabale,1691
Adam Morrison,1692
Walter Herrmann,1693
Shelden Williams,1694
Solomon Jones,1695
Cedric Bozeman,1696
Rodney Carney,1697
Ivan McFarlin,1698
Jorge Garbajosa,1699
Andrea Bargnani,1700
Marcus Williams,1701
Hassan Adams,1702
Mile Ilic,1703
Yakhouba Diawara,1704
Maurice Ager,1705
Pops Mensah-Bonsu,1706
Sergio Rodriguez,1707
Shannon Brown,1708
Dee Brown,1709
Andreas Glyniadakis,1710
Bobby Jones,1711
Roger Powell,1712
Tarence Kinsey,1713
Allan Ray,1714
Quincy Douby,1715
Daniel Gibson,1716
Marcus Vinicius,1717
Chris McCray,1718
Desmon Farmer,1719
Steven Smith,1720
Lynn Greer,1721
Uros Slokar,1722
Josh Boone,1723
Will Blalock,1724
James White,1725
Andre Brown,1726
Renaldo Major,1727
Shawne Williams,1728
James Augustine,1729
Kelenna Azubuike,1730
Justin Williams,1731
Ryan Hollins,1732
Will Conroy,1733
Jeremy Richardson,1734
Lou Amundson,1735
Randolph Morris,1736
Mike Hall,1737
Kevinn Pinkney,1738
Luis Scola,1739
Coby Karl,1740
Taurean Green,1741
Darius Washington,1742
Aaron Gray,1743
Sean Williams,1744
Yi Jianlian,1745
Nick Young,1746
Dominic McGuire,1747
Oleksiy Pecherov,1748
Courtney Sims,1749
Juan Carlos Navarro,1750
Nick Fazekas,1751
Darryl Watkins,1752
Mustafa Shakur,1753
Julian Wright,1754
DJ Strawberry,1755
Alando Tucker,1756
Arron Afflalo,1757
Daequan Cook,1758
Jermareo Davidson,1759
Acie Law,1760
Mario West,1761
Javaris Crittenton,1762
Glen Davis,1763
Corey Brewer,1764
Chris Richard,1765
Stephane Lasme,1766
Al Thornton,1767
Brandan Wright,1768
Jamario Moon,1769
Demetris Nichols,1770
Joakim Noah,1771
Morris Almond,1772
Gabe Pruitt,1773
Joel Anthony,1774
Spencer Hawes,1775
Brandon Wallace,1776
Aaron Brooks,1777
Cheikh Samb,1778
Kosta Perovic,1779
Thomas Gardner,1780
Carl Landry,1781
Josh McRoberts,1782
Kyrylo Fesenko,1783
Rodney Stuckey,1784
Marcus Williams,1785
Keith Langford,1786
Guillermo Diaz,1787
C.J. Watson,1788
Adam Haluska,1789
JamesOn Curry,1790
Ramon Sessions,1791
Mike Harris,1792
Lance Allred,1793
Blake Ahearn,1794
Kasib Powell,1795
JJ Hickson,1796
Joe Alexander,1797
Greg Oden,1798
Rudy Fernandez,1799
Chris Douglas-Roberts,1800
Mario Chalmers,1801
Kyle Weaver,1802
Brandon Rush,1803
Roy Hibbert,1804
DeMarcus Nelson,1805
Anthony Randolph,1806
Sean Singletary,1807
Jason Thompson,1808
Bobby Brown,1809
Mike Taylor,1810
O.J. Mayo,1811
Darrell Arthur,1812
Hamed Haddadi,1813
Joey Dorsey,1814
Roko Ukic,1815
Alexis Ajinca,1816
Sonny Weems,1817
Marreese Speights,1818
Donte Greene,1819
Walter Sharpe,1820
Rob Kurz,1821
Henry Walker,1822
Anthony Morrow,1823
Othello Hunter,1824
Steven Hill,1825
Darnell Jackson,1826
Sun Sun,1827
Jawad Williams,1828
Nathan Jawai,1829
Cartier Martin,1830
Malik Hairston,1831
J.R. Giddens,1832
Trey Johnson,1833
Joe Crawford,1834
Dontell Jefferson,1835
DJ White,1836
Chris Hunter,1837
Rodrigue Beaubois,1838
David Andersen,1839
Chase Budinger,1840
Jermaine Taylor,1841
Lester Hudson,1842
DeJuan Blair,1843
AJ Price,1844
Gerald Henderson,1845
Derrick Brown,1846
Jon Brockman,1847
Eric Maynor,1848
Ty Lawson,1849
Toney Douglas,1850
Jordan Hill,1851
Marcus Landry,1852
Austin Daye,1853
Hasheem Thabeet,1854
Sam Young,1855
Trey Gilder,1856
Earl Clark,1857
Terrence Williams,1858
Jonny Flynn,1859
Brandon Jennings,1860
DaJuan Summers,1861
Taylor Griffin,1862
Tyler Hansbrough,1863
Marcus Thornton,1864
Jeff Ayres,1865
Byron Mullens,1866
Sundiata Gaines,1867
Cedric Jackson,1868
Antonio Anderson,1869
Reggie Williams,1870
Othyus Jeffers,1871
Alonzo Gee,1872
Oliver Lafayette,1873
Kenny Hasbrouck,1874
Derrick Caracter,1875
Devin Ebanks,1876
Garret Siler,1877
Armon Johnson,1878
Luke Babbitt,1879
Semih Erden,1880
Pooh Jeter,1881
Nikola Pekovic,1882
Lazar Hayward,1883
Damion James,1884
Landry Fields,1885
Andy Rautins,1886
Sherron Collins,1887
Dominique Jones,1888
Jeff Adrien,1889
Jeremy Evans,1890
Gary Forbes,1891
Jordan Crawford,1892
Xavier Henry,1893
Larry Sanders,1894
Omer Asik,1895
Cole Aldrich,1896
James Anderson,1897
Gary Neal,1898
Manny Harris,1899
Trevor Booker,1900
Hamady Ndiaye,1901
Samardo Samuels,1902
Luke Harangody,1903
Kevin Seraphin,1904
Greivis Vasquez,1905
Tiago Splitter,1906
Willie Warren,1907
Elliot Williams,1908
Solomon Alabi,1909
Craig Brackins,1910
Ben Uzoh,1911
Gani Lawal,1912
Christian Eyenga,1913
Zabian Dowdell,1914
Larry Owens,1915
Chris Johnson,1916
Pape Sy,1917
Marcus Cousin,1918
Jerel McNeal,1919
Patrick Ewing,1920
Dexter Pittman,1921
Marqus Blakely,1922
Justin Harper,1923
JaJuan Johnson,1924
Greg Stiemsma,1925
Josh Harrellson,1926
Jerome Jordan,1927
Travis Leslie,1928
Trey Thompkins,1929
Charles Jenkins,1930
Jeremy Tyler,1931
Andrew Goudelock,1932
Norris Cole,1933
Terrel Harris,1934
Mickell Gladness,1935
Jeremy Pargo,1936
Josh Selby,1937
Jimmer Fredette,1938
Tyler Honeycutt,1939
Vernon Macklin,1940
Derrick Williams,1941
Malcolm Lee,1942
Nolan Smith,1943
Darington Hobson,1944
Cory Higgins,1945
Dennis Horner,1946
Chris Singleton,1947
Carldell Johnson,1948
Ivan Johnson,1949
Chris Wright,1950
Daniel Orton,1951
Gustavo Ayon,1952
Jordan Hamilton,1953
Jan Vesely,1954
Julyan Stone,1955
Jordan Williams,1956
Darius Morris,1957
Mychel Thompson,1958
Lavoy Allen,1959
Donald Sloan,1960
Malcolm Thomas,1961
Courtney Fortson,1962
Ryan Reid,1963
Greg Smith,1964
Eric Dawson,1965
DeAndre Liggins,1966
Walker Russell,1967
Jeff Foote,1968
Jerry Smith,1969
Edwin Ubiles,1970
Justin Dentmon,1971
Keith Benson,1972
Jerome Dyson,1973
D.J. Kennedy,1974
Derrick Byars,1975
Xavier Silas,1976
Diamon Simpson,1977
Jared Sullinger,1978
Kris Joseph,1979
Jared Cunningham,1980
Bernard James,1981
Robert Sacre,1982
Tyler Zeller,1983
Kevin Murphy,1984
Victor Claver,1985
Joel Freeland,1986
Terrence Jones,1987
Donatas Motiejunas,1988
Royce White,1989
Kim English,1990
Kyle Singler,1991
Nando De Colo,1992
Brian Roberts,1993
Ben Hansbrough,1994
Orlando Johnson,1995
Thomas Robinson,1996
Marquis Teague,1997
Festus Ezeli,1998
Kendall Marshall,1999
Luke Zeller,2000
Quincy Miller,2001
Maalik Wayns,2002
Arnett Moultrie,2003
Tony Wroten,2004
Perry Jones III,2005
Alexey Shved,2006
John Jenkins,2007
Pablo Prigioni,2008
Chris Copeland,2009
Doron Lamb,2010
Jeffery Taylor,2011
Andrew Nicholson,2012
Tornike Shengelia,2013
Tyshawn Taylor,2014
Mirza Teletovic,2015
Scott Machado,2016
DeQuan Jones,2017
Viacheslav Kravtsov,2018
Diante Garrett,2019
Quincy Acy,2020
Darius Johnson-Odom,2021
Kevin Jones,2022
Jarvis Varnado,2023
Chris Johnson,2024
Fab Melo,2025
Tim Ohlbrecht,2026
Henry Sims,2027
Chris Wright,2028
Josh Akognon,2029
Ryan Kelly,2030
Erik Murphy,2031
Vitor Faverani,2032
Phil Pressey,2033
Dwight Buycks,2034
Elias Harris,2035
Ognjen Kuzmic,2036
Nemanja Nedovic,2037
Glen Rice,2038
Peyton Siva,2039
Tony Mitchell,2040
Gigi Datome,2041
Arinze Onuaku,2042
Jeff Withey,2043
Nate Wolters,2044
Miroslav Raduljica,2045
Nick Calathes,2046
Jamaal Franklin,2047
Anthony Bennett,2048
Pero Antic,2049
Gal Mekel,2050
Ricky Ledo,2051
Robbie Hummel,2052
Shabazz Muhammad,2053
Brandon Davies,2054
Hollis Thompson,2055
Archie Goodwin,2056
Dionte Christmas,2057
Toure' Murry,2058
James Southerland,2059
Sergey Karasev,2060
Ray McCallum,2061
Carrick Felix,2062
Chris Smith,2063
Shane Larkin,2064
Vander Blue,2065
Adonis Thomas,2066
Chris Babb,2067
Tony Mitchell,2068
Justin Hamilton,2069
Jorge Gutierrez,2070
Shane Edwards,2071
Casper Ware,2072
Scotty Hopson,2073
Willie Reed,2074
Devyn Marble,2075
Tarik Black,2076
Kostas Papanikolaou,2077
PJ Hairston,2078
KJ McDaniels,2079
JaKarr Sampson,2080
Damjan Rudez,2081
Shayne Whittington,2082
Cory Jefferson,2083
James Young,2084
Lucas Nogueira,2085
Jordan Adams,2086
Jarnell Stokes,2087
Tyler Ennis,2088
Cameron Bairstow,2089
Cleanthony Early,2090
Travis Wear,2091
Alex Kirk,2092
Zoran Dragic,2093
Nick Johnson,2094
Andre Dawkins,2095
Russ Smith,2096
Patric Young,2097
Will Cherry,2098
Bruno Caboclo,2099
Kalin Lucas,2100
Erick Green,2101
Adreian Payne,2102
Drew Gordon,2103
Markel Brown,2104
CJ Wilcox,2105
Eric Moreland,2106
Grant Jerrett,2107
Ronald Roberts Jr.,2108
Damien Inglis,2109
Johnny O'Bryant III,2110
Mitch McGary,2111
Furkan Aldemir,2112
Patrick Christopher,2113
Elijah Millsap,2114
Larry Drew II,2115
James Michael McAdoo,2116
David Stockton,2117
Joffrey Lauvergne,2118
Jack Cooley,2119
Bryce Cotton,2120
Jerrelle Benimon,2121
Jarell Eddie,2122
Jabari Brown,2123
Sean Kilpatrick,2124
David Wear,2125
Sim Bhullar,2126
Darrun Hilliard,2127
Lamar Patterson,2128
Sasha Kaun,2129
Tibor Pleiss,2130
Rashad Vaughn,2131
Aaron Harrison,2132
Joe Young,2133
Luis Montero,2134
Marcelo Huertas,2135
Anthony Brown,2136
Jordan Mickey,2137
Edy Tavares,2138
RJ Hunter,2139
Duje Dukan,2140
Cliff Alexander,2141
Josh Huestis,2142
Branden Dawson,2143
Rakeem Christmas,2144
JJ O'Brien,2145
Keith Appling,2146
Bryce Dejean-Jones,2147
Thanasis Antetokounmpo,2148
Chris McCullough,2149
Alex Stepheson,2150
Axel Toupane,2151
Briante Weber,2152
Coty Clarke,2153
Xavier Munford,2154
John Holland,2155
Mindaugas Kuzminskas,2156
Nicolas Laprovittola,2157
Patrick McCaw,2158
Joel Bolomboy,2159
Isaiah Whitehead,2160
Kyle Wiltjer,2161
Deyonta Davis,2162
Michael Gbinije,2163
Semaj Christon,2164
Nicolas Brussino,2165
Paul Zipser,2166
Diamond Stone,2167
Daniel Ochefu,2168
Sheldon Mac,2169
Malcolm Delaney,2170
AJ Hammons,2171
Kay Felder,2172
Stephen Zimmerman,2173
Maurice Ndour,2174
Danuel House Jr.,2175
Georgios Papagiannis,2176
Tim Quarterman,2177
Jonathan Gibson,2178
Marshall Plumlee,2179
Chinanu Onuaku,2180
Pierre Jackson,2181
Okaro White,2182
Mike Tobey,2183
Marcus Georges-Hunt,2184
Brice Johnson,2185
Ben Bentil,2186
Shawn Long,2187
Jarrod Uthoff,2188
Gary Payton II,2189
Isaiah Taylor,2190
Patricio Garino,2191
Charles Cooke,2192
Jalen Jones,2193
Josh Magette,2194
Alec Peters,2195
Mike James,2196
Matt Williams Jr.,2197
Brandon Paul,2198
Dakari Johnson,2199
Mike Young,2200
Gian Clavell,2201
Kobi Simmons,2202
Mangok Mathiang,2203
Marcus Paige,2204
Jawun Evans,2205
Matt Costello,2206
Jacob Wiley,2207
Derrick Walton Jr.,2208
Vincent Hunter,2209
Jamil Wilson,2210
Antonius Cleveland,2211
Jacob Pullen,2212
London Perrantes,2213
Yakuba Ouattara,2214
Malcolm Miller,2215
Kadeem Allen,2216
Jamel Artis,2217
Kyle Collinsworth,2218
Milton Doyle,2219
Reggie Hearn,2220
Nigel Hayes,2221
Myke Henry,2222
Ben Moore,2223
James Webb III,2224
Josh Gray,2225
Erik McCree,2226
Andrew White III,2227
Trey McKinney-Jones,2228
Walter Lemon Jr.,2229
Xavier Rathan-Mayes,2230
Rodney Purvis,2231
Jameel Warney,2232
Omari Johnson,2233
Andre Ingram,2234
Aaron Jackson,2235
Brian Taylor,2236
Freeman Williams,2237
Jerome Whitehead,2238
Joe Bryant,2239
Nick Weatherspoon,2240
Sidney Wicks,2241
Swen Nater,2242
World Free,2243
Don Ford,2244
Jamaal Wilkes,2245
Jim Chones,2246
Kareem Abdul-Jabbar,2247
Michael Cooper,2248
Norm Nixon,2249
Ron Boone,2250
Spencer Haywood,2251
Cedric Maxwell,2252
Chris Ford,2253
Dave Cowens,2254
Don Chaney,2255
Eric Fernsten,2256
Jeff Judkins,2257
M.L. Carr,2258
Nate Archibald,2259
Rick Robey,2260
Calvin Murphy,2261
Dwight Jones,2262
Major Jones,2263
Mike Dunleavy,2264
Rick Barry,2265
Rudy Tomjanovich,2266
Rudy White,2267
Tom Henderson,2268
Bob Dandridge,2269
Elvin Hayes,2270
Greg Ballard,2271
Kevin Grevey,2272
Kevin Porter,2273
Larry Wright,2274
Roger Phegley,2275
Wes Unseld,2276
Bobby Jones,2277
Caldwell Jones,2278
Darryl Dawkins,2279
Doug Collins,2280
Eric Money,2281
Henry Bibby,2282
Julius Erving,2283
Steve Mix,2284
Armond Hill,2285
Charlie Criss,2286
Dan Roundfield,2287
Eddie Johnson,2288
Jack Givens,2289
John Drew,2290
Ron Lee,2291
Steve Hawes,2292
Terry Furlow,2293
Tom McMillen,2294
Geoff Huston,2295
Hollis Copeland,2296
Jim Cleamons,2297
Joe Meriweather,2298
Larry Demic,2299
Micheal Ray Richardson,2300
Mike Glenn,2301
Ray Williams,2302
Sly Williams,2303
Toby Knight,2304
Abdul Jeelani,2305
Jim Brewer,2306
Jim Paxson,2307
Kermit Washington,2308
Kevin Kunnert,2309
Larry Steele,2310
Lionel Hollins,2311
Ron Brewer,2312
Tom Owens,2313
Allan Bristow,2314
Ben Poquette,2315
Don Williams,2316
Greg Deane,2317
James Hardy,2318
John Gianelli,2319
Paul Dawkins,2320
Pete Maravich,2321
Robert Smith,2322
Bob Lanier,2323
Bob McAdoo,2324
Greg Kelser,2325
Jim McElroy,2326
John Shumate,2327
Leon Douglas,2328
Phil Hubbard,2329
Roylee Hamilton,2330
Terry Duerod,2331
Terry Tyler,2332
Billy Knight,2333
Clemon Johnson,2334
Dudley Bradley,2335
Johnny Davis,2336
Mickey Johnson,2337
Mike Bantom,2338
Tony Zeno,2339
Calvin Natt,2340
Eddie Jordan,2341
George Johnson,2342
Jan Van Breda Kolff,2343
John Williamson,2344
Ralph Simpson,2345
Rich Kelley,2346
Bill Willoughby,2347
Bingo Smith,2348
Campy Russell,2349
Dave Robisch,2350
Earl Tatum,2351
John Lambert,2352
Kenny Carr,2353
Mike Mitchell,2354
Randy Smith,2355
Willie Smith,2356
Alvan Adams,2357
Alvin Scott,2358
Don Buse,2359
Garfield Heard,2360
Jeff Cook,2361
Joel Kramer,2362
Johnny High,2363
Mike Bratz,2364
Paul Westphal,2365
Truck Robinson,2366
Clifford Ray,2367
John Coughran,2368
John Lucas,2369
Jojo White,2370
Purvis Short,2371
Raymond Townsend,2372
Sonny Parker,2373
Thomas Wilson,2374
Tom Abernethy,2375
Bill Robinzine,2376
Billy McKinney,2377
Ernie Grunfeld,2378
Marlon Redmond,2379
Mike Green,2380
Otis Birdsong,2381
Phil Ford,2382
Reggie King,2383
Sam Lacey,2384
Scott Wedman,2385
Brian Winters,2386
Dave Meyers,2387
Harvey Catchings,2388
Junior Bridgeman,2389
Kent Benson,2390
Lloyd Walton,2391
Marques Johnson,2392
Quinn Buckner,2393
Richard Washington,2394
Alonzo Bradley,2395
Anthony Roberts,2396
Bo Ellis,2397
Bob Wilkerson,2398
Charlie Scott,2399
Dan Issel,2400
David Thompson,2401
Gary Garland,2402
George McGinnis,2403
John Roche,2404
Kim Hughes,2405
Austin Carr,2406
Walt Frazier,2407
Billy Paultz,2408
George Gervin,2409
Irv Kiffin,2410
James Silas,2411
Kevin Restani,2412
Larry Kenon,2413
Mark Olberding,2414
Mike Evans,2415
Mike Gale,2416
Paul Griffin,2417
Gus Bailey,2418
Phil Chenier,2419
Artis Gilmore,2420
Coby Dietrick,2421
Del Beshore,2422
Mark Landsberger,2423
Ollie Johnson,2424
Ricky Sobers,2425
Scott May,2426
Corky Calhoun,2427
Stan Pietkiewicz,2428
Dennis Johnson,2429
Fred Brown,2430
Gus Williams,2431
James Bailey,2432
John Johnson,2433
Lonnie Shelton,2434
Paul Silas,2435
Tom LaGarde,2436
Roger Brown,2437
Sammy Smith,2438
Tom Boswell,2439
Wally Walker,2440
Mike Newlin,2441
Tim Bassett,2442
Winford Boynes,2443
Bernard Toone,2444
Jim Spanarkel,2445
Gus Gerard,2446
Brad Holland,2447
Bob Carrington,2448
Dennis Awtrey,2449
Joey Hassett,2450
Foots Walker,2451
Dave Twardzik,2452
Wiley Peck,2453
John Kuester,2454
George Johnson,2455
Allen Leavell,2456
Clint Richardson,2457
Maurice Lucas,2458
Marty Byrnes,2459
Ollie Mack,2460
Bob Elliott,2461
Earl Evans,2462
John Mengelt,2463
Bob Gross,2464
Steve Malovic,2465
Andre Wakefield,2466
John Brown,2467
Terry Crosby,2468
Ron Carter,2469
John Olive,2470
Tom Burleson,2471
Mitch Kupchak,2472
Mack Calvin,2473
Len Elmore,2474
Glen Gondrezick,2475
Sam Pellom,2476
Earl Monroe,2477
Darnell Hillman,2478
Phil Smith,2479
Sylvester Norris,2480
Rick Wilson,2481
Jackie Robinson,2482
Al Skinner,2483
Bill Walton,2484
Butch Lee,2485
Marvin Barnes,2486
Phil Jackson,2487
Billyray Bates,2488
Marvin Webster,2489
Harry Davis,2490
Arvid Kramer,2491
Lawrence Boston,2492
Lynbert Johnson,2493
Ron Behagen,2494
Carl Kilpatrick,2495
Carl Nicks,2496
Cedrick Hordges,2497
Kenny Higgs,2498
Johnny Moore,2499
Reggie Johnson,2500
Kyle Macy,2501
Mike Niles,2502
Billy Reid,2503
Lorenzo Romar,2504
Rickey Brown,2505
Alan Hardy,2506
Darwin Cook,2507
Mike O'Koren,2508
Jerry Sichting,2509
Louis Orr,2510
Mike Harper,2511
Michael Brooks,2512
Calvin Garrett,2513
Keith Herron,2514
Tony Fuller,2515
Wayne Robinson,2516
Wes Matthews,2517
Charles Whitney,2518
Brett Vroman,2519
John Duren,2520
Craig Shelton,2521
Don Collins,2522
James Wilkes,2523
Sam Worthen,2524
Chad Kinch,2525
Walter Jordan,2526
Lowes Moore,2527
Darrell Allums,2528
Ralph Drollinger,2529
Reggie Carter,2530
Butch Carter,2531
Lee Johnson,2532
Kelvin Ransey,2533
Bill Hanzlik,2534
Dewayne Scales,2535
Art Collins,2536
Kenny Natt,2537
Wally Rank,2538
Monti Davis,2539
Carlos Terry,2540
Jamesearl Ray,2541
Ronnie Lester,2542
Tony Price,2543
Wayne Kreklow,2544
Andrew Toney,2545
Scott Lloyd,2546
Ron Davis,2547
Tony Jackson,2548
Dick Miller,2549
Myles Patrick,2550
Edgar Jones,2551
Michael Wiley,2552
Ron Valentine,2553
Jeff Wilkins,2554
John Stroud,2555
Norman Black,2556
David Britton,2557
Keith McCord,2558
Andre McCarter,2559
Lewis Brown,2560
Mel Bennett,2561
Frankie Sanders,2562
Jacky Dorsey,2563
Ed Lawrence,2564
Jeffrey Crompton,2565
Clarence Kea,2566
Bill Mayfield,2567
Peter Verhoeven,2568
Franklin Edwards,2569
Mickey Dillard,2570
Roger Burkman,2571
Joe Cooper,2572
Ray Tolbert,2573
Charles Bradley,2574
Tracy Jackson,2575
Charlie Davis,2576
Garry Witts,2577
Kevin Loder,2578
Gene Banks,2579
Bobby Cattage,2580
Howard Wood,2581
Elston Turner,2582
Jay Vincent,2583
Kevin McKenna,2584
Hank McDowell,2585
Samuel Williams,2586
Danny Vranes,2587
Ed Rains,2588
Rudy Macklin,2589
Jim Smith,2590
John Douglas,2591
Jeff Lamp,2592
Alex Bradley,2593
Ray Blume,2594
Mike McGee,2595
Craig Dykema,2596
John McCullough,2597
David Burns,2598
Kurt Nimphius,2599
Lewis Lloyd,2600
Jim Brogan,2601
Glenn Hagan,2602
Petur Gudmundsson,2603
Mark Radford,2604
Al Wood,2605
Kevin Stacom,2606
Steve Hayes,2607
Kenny Dennard,2608
Rich Yonakor,2609
Larry Spriggs,2610
Brad Branson,2611
Clay Johnson,2612
Carl Bailey,2613
Rock Lee,2614
Edmund Sherod,2615
Eddie Phillips,2616
Richard Anderson,2617
David Thirdkill,2618
Rory White,2619
Jerry Eaves,2620
Brook Steppe,2621
Audie Norris,2622
Bruce Flowers,2623
Dave Magley,2624
Darren Tillis,2625
Jeff Taylor,2626
Chris Engler,2627
Clark Kellogg,2628
Bryan Warrick,2629
Rob Williams,2630
Bill Garnett,2631
Vince Taylor,2632
Marc Iavaroni,2633
Mitchell Anderson,2634
Russ Schoene,2635
Dave Batton,2636
Rickey Williams,2637
Walker Russell,2638
Jim Zoet,2639
Keith Edmonson,2640
Steve Lingenfelter,2641
Guy Morgan,2642
Jose Slaughter,2643
Linton Townes,2644
Jim Johnstone,2645
Oliver Robinson,2646
Willie Jones,2647
Corny Thompson,2648
Dwight Anderson,2649
John Cox,2650
Charlie Pittman,2651
John Greig,2652
Joe Kopicki,2653
Michael Davis,2654
Moses Malone,2655
Howard Carter,2656
Bruce Kuczenski,2657
John Pinone,2658
Darren Daye,2659
Mike Wilson,2660
Scooter McCray,2661
Pace Mannion,2662
Paul Thompson,2663
Granville Waiters,2664
Leroy Combs,2665
Sidney Lowe,2666
Steve Stipanovich,2667
Kevin Williams,2668
John Garris,2669
Stewart Granger,2670
Carlos Clark,2671
Leo Rautins,2672
Rod Foster,2673
Dane Suttle,2674
Darrell Lockhart,2675
Mark Jones,2676
Larry Micheaux,2677
Mike Gibson,2678
Ken Austin,2679
Tom Piotrowski,2680
Russell Cross,2681
Wallace Bryant,2682
Bob Miller,2683
Brant Weidner,2684
Cory Blackwell,2685
Mel Turpin,2686
Chuck Aleksinas,2687
Othell Wilson,2688
Peter Thibeaux,2689
Michael Holton,2690
Wayne Sappleton,2691
Tom Sewell,2692
Kenny Fields,2693
Devin Durrant,2694
Ozell Jones,2695
Lancaster Gordon,2696
Bernard Thompson,2697
Charles Jones,2698
Tom Scheffler,2699
Willie White,2700
Guy Williams,2701
Charlie Sitton,2702
Terence Stansbury,2703
Rick Carlisle,2704
Dale Wilkinson,2705
Jay Murphy,2706
Tom Sluby,2707
Earl Jones,2708
Ralph Jackson,2709
Ron Cavenall,2710
John Schweitz,2711
Michael Young,2712
David Pope,2713
Kent Edelin,2714
Butch Graves,2715
Dirk Minniefield,2716
Lorenzo Charles,2717
Perry Moss,2718
Carey Scurry,2719
Steve Harris,2720
Carl Henry,2721
David Cooke,2722
Ron Crevier,2723
Bill Martin,2724
Dwayne McClain,2725
Yvon Joseph,2726
Uwe Blab,2727
Mike Phelps,2728
Alfredrick Hughes,2729
Ken Johnson,2730
Pete Williams,2731
Kenny Green,2732
Brian Martin,2733
Mike Brittain,2734
Fred Cofield,2735
Georgi Glouchkov,2736
Greg Stokes,2737
Voise Winters,2738
Keith Lee,2739
Harold Keeling,2740
Claude Gregory,2741
Jeff Cross,2742
Chris McNealy,2743
Ben McDonald,2744
Jerome Henderson,2745
Derrick Rowland,2746
Nick Vanos,2747
Ken Green,2748
Myron Jackson,2749
Mo Martin,2750
Anthony Jones,2751
Fernando Martin,2752
Walter Berry,2753
Keith Smith,2754
Dwayne Washington,2755
Mckinley Singleton,2756
Grant Gondrezick,2757
Chris Washburn,2758
Bruce Douglas,2759
Johnny Rogers,2760
Cedric Henderson,2761
Conner Henry,2762
Dwayne Polee,2763
Steffond Johnson,2764
Adrian Branch,2765
Harold Pressley,2766
Forrest McKenzie,2767
Curtis Kitchen,2768
Jim Lampley,2769
Dennis Nutt,2770
Cozell McQueen,2771
Perry Young,2772
Kevin Henderson,2773
Joe Binion,2774
Ron Rowan,2775
Brad Wright,2776
Ralph Lewis,2777
John Stroeder,2778
Nikita Wilson,2779
Dallas Comegys,2780
Jamie Waller,2781
Andre Moore,2782
Martin Nessley,2783
Norris Coleman,2784
Chris Welp,2785
Nate Blackwell,2786
Joe Arlauckas,2787
Michael Jackson,2788
Clinton Wheeler,2789
Ron Moore,2790
Tony White,2791
Kannard Johnson,2792
Winston Crite,2793
Rickie Winslow,2794
Brian Rowsom,2795
Billy Donovan,2796
Ronnie Murphy,2797
Scott Roth,2798
Ricky Wilson,2799
Dave Henderson,2800
Phil Zevenbergen,2801
Eddie Hughes,2802
Eric White,2803
Mark Wade,2804
Richard Rellford,2805
Richard Morton,2806
Mark Davis,2807
Wayne Englestad,2808
Rolando Ferreira,2809
Dominic Pressley,2810
Anthony Taylor,2811
Sylvester Gray,2812
Ben Gillery,2813
Ricky Berry,2814
Ramon Rivas,2815
Keith Smart,2816
Shelton Jones,2817
Jose Ortiz,2818
Fennis Dembo,2819
Todd Mitchell,2820
Robert Lock,2821
Michael Anderson,2822
Bill Jones,2823
Jim Rowinski,2824
Mike Champion,2825
Randy Allen,2826
Orlando Graham,2827
Robert Rose,2828
Barry Sumpter,2829
Terry Dozier,2830
Ed Horton,2831
Torgeir Bryn,2832
Jay Taylor,2833
Stanley Brundy,2834
Dyron Nix,2835
Leonard Taylor,2836
Steve Bucknall,2837
Eric Johnson,2838
Mel McCants,2839
Gary Voce,2840
Nate Johnston,2841
Jeff Lebo,2842
Zarko Paspalj,2843
Dexter Shouse,2844
Mike Morrison,2845
Doug Roth,2846
Mike Williams,2847
Jay Edwards,2848
Raymond Brown,2849
Dee Brown,2850
Larry Bird,2851
Reggie Lewis,2852
Ed Pinckney,2853
Kevin McHale,2854
Joe Kleine,2855
Kevin Gamble,2856
Brian Shaw,2857
Dave Popson,2858
Robert Parish,2859
Brad Daugherty,2860
Chucky Brown,2861
Craig Ehlo,2862
Danny Ferry,2863
Derrick Chievous,2864
Gerald Paddio,2865
"Hot Rod,Williams",2866
Spud Webb,2867
Jerry Reynolds,2868
Mark Aguirre,2869
Fred Roberts,2870
John Stockton,2871
Eddie Johnson,2872
Terry Porter,2873
Mike Woodson,2874
Jim Thomas,2875
Brad Davis,2876
Orlando Woolridge,2877
Chris Mullin,2878
Rony Seikaly,2879
Harvey Grant,2880
Chuck Person,2881
Detlef Schrempf,2882
George McCloud,2883
Greg Dreiling,2884
Kenny Williams,2885
LaSalle Thompson,2886
Micheal Williams,2887
Mike Sanders,2888
Randy Wittman,2889
Reggie Miller,2890
Rik Smits,2891
Vern Fleming,2892
Chris Dudley,2893
Chris Morris,2894
Derrick Coleman,2895
Derrick Gervin,2896
Jack Haley,2897
Jud Buechler,2898
Kurk Lee,2899
Lester Conner,2900
Mookie Blaylock,2901
Reggie Theus,2902
Sam Bowie,2903
Tate George,2904
Bo Kimble,2905
Charles Smith,2906
Gary Grant,2907
Jeff Martin,2908
Ken Bannister,2909
Ken Norman,2910
Loy Vaught,2911
Tom Garrick,2912
Winston Garland,2913
Antoine Carr,2914
Bill Wennington,2915
Bob Hansen,2916
Duane Causwell,2917
Eric Leckner,2918
Lionel Simmons,2919
Ralph Sampson,2920
Rory Sparrow,2921
Steve Colter,2922
Wayman Tisdale,2923
B.J. Armstrong,2924
Bill Cartwright,2925
Cliff Levingston,2926
Craig Hodges,2927
Dennis Hopson,2928
Horace Grant,2929
John Paxson,2930
Michael Jordan,2931
Scott Williams,2932
Scottie Pippen,2933
Stacey King,2934
Will Perdue,2935
Brian Oliver,2936
Charles Barkley,2937
Hersey Hawkins,2938
Jayson Williams,2939
Johnny Dawkins,2940
Manute Bol,2941
Mike Gminski,2942
Rick Mahorn,2943
Rickey Green,2944
Ron Anderson,2945
Armen Gilliam,2946
Dave Hoppen,2947
Dell Curry,2948
J.R. Reid,2949
Johnny Newman,2950
Kelly Tripucka,2951
Kendall Gill,2952
Kenny Gattison,2953
Muggsy Bogues,2954
Rex Chapman,2955
Brian Quinnett,2956
Charles Oakley,2957
Eddielee Wilkins,2958
Gerald Wilkins,2959
Jerrod Mustaf,2960
Kiki Vandeweghe,2961
Mark Jackson,2962
Maurice Cheeks,2963
Patrick Ewing,2964
Mark Bryant,2965
Dana Barros,2966
Derrick McKey,2967
Gary Payton,2968
Michael Cage,2969
Olden Polynice,2970
Quintin Dailey,2971
Sedale Threatt,2972
Shawn Kemp,2973
Xavier McDaniel,2974
Tree Rollins,2975
Pervis Ellison,2976
Stuart Gray,2977
Trent Tucker,2978
Frank Kornet,2979
David Greenwood,2980
David Robinson,2981
Paul Pressey,2982
Reggie Williams,2983
Sean Elliott,2984
Sean Higgins,2985
Sidney Green,2986
Terry Cummings,2987
Tony Massenburg,2988
A.C. Green,2989
Byron Scott,2990
Elden Campbell,2991
James Worthy,2992
Larry Drew,2993
Magic Johnson,2994
Mychal Thompson,2995
Sam Perkins,2996
Terry Teagle,2997
Vlade Divac,2998
John Shasky,2999
Randy White,3000
Steve Alford,3001
Greg Butler,3002
Steve Scheffler,3003
Les Jepsen,3004
Mike Smrek,3005
Danny Manning,3006
Mark McNamara,3007
Steve Kerr,3008
Kennard Winchester,3009
Rick Calloway,3010
Travis Mays,3011
Trevor Wilson,3012
Tony Brown,3013
Randolph Keys,3014
Benoit Benjamin,3015
Byron Dinkins,3016
Dwayne Schintzius,3017
Kenny Payne,3018
Greg Grant,3019
Tony Smith,3020
Nate McMillan,3021
Rod Strickland,3022
Mahmoud Abdul-Rauf,3023
Scott Meents,3024
Jim Petersen,3025
Bob Thornton,3026
Drazen Petrovic,3027
Kurt Rambis,3028
Jon Koncak,3029
Stojko Vrankovic,3030
Cedric Ball,3031
Andrew Lang,3032
Bart Kofoed,3033
Jim Farmer,3034
Dave Corzine,3035
Buck Johnson,3036
Milos Babic,3037
Negele Knight,3038
Willie Anderson,3039
Andre Turner,3040
Ledell Eackles,3041
Jim Grandholm,3042
Kelvin Upshaw,3043
Leon Wood,3044
Terry Mills,3045
Darnell Valentine,3046
Morlon Wiley,3047
Irving Thomas,3048
John Starks,3049
Pete Myers,3050
Keith Askins,3051
Anthony Bonner,3052
Dale Ellis,3053
Pat Cummings,3054
Kenny Walker,3055
Mario Elie,3056
Anthony Mason,3057
Tim Legler,3058
Dan O'Sullivan,3059
Dan Godfread,3060
Henry James,3061
Jim Les,3062
Paul Mokeski,3063
Earl Cureton,3064
Anthony Frederick,3065
Jawann Oldham,3066
Jeff Sanders,3067
Scott Haffner,3068
John Long,3069
Ron Harper,3070
Tony Harris,3071
Clifford Lett,3072
Clinton Smith,3073
John Williams,3074
Craig Neal,3075
Mike Higgins,3076
"Joe Barry,Carroll",3077
Gerald Henderson,3078
Everette Stephens,3079
Charles Smith,3080
David Wingate,3081
Tony Dawson,3082
Gary Leonard,3083
A.J. Wynder,3084
Adrian Dantley,3085
Derek Smith,3086
Vincent Askew,3087
Robert Reid,3088
Gary Trent Jr.,3089
Jaron Blossomgame,3090
Brandon Goodwin,3091
Haywood Highsmith,3092
