PG,SG,SF,PF,C,G,F,UTIL,,Instructions
,,,,,,,,,1. Locate the player you want to select in the list below 
,,,,,,,,,2. Copy the ID of your player (you can use the Name + ID column or the ID column) 
,,,,,,,,,3. Paste the ID into the roster position desired 
,,,,,,,,,4. You must include an ID for each player; you cannot use just the player's name 
,,,,,,,,,5. You can create up to 500 lineups per file 
 
,,,,,,,,,Position,Name + ID,Name,ID,Roster Position,Salary,Game Info,TeamAbbrev,AvgPointsPerGame
,,,,,,,,,PF/C,Giannis Antetokounmpo (24725319),Giannis Antetokounmpo,24725319,PF/C/F/UTIL,9900,MIL@CHI 10/11/2022 08:00PM ET,MIL,58.78
,,,,,,,,,PG,Damian Lillard (24725323),Damian Lillard,24725323,PG/G/UTIL,9600,POR@GSW 10/11/2022 10:00PM ET,POR,42.60
,,,,,,,,,PG,Ja Morant (24725326),Ja Morant,24725326,PG/G/UTIL,9500,MEM@ORL 10/11/2022 07:00PM ET,MEM,48.52
,,,,,,,,,PG,Shai Gilgeous-Alexander (24725329),Shai Gilgeous-Alexander,24725329,PG/G/UTIL,9400,OKC@DET 10/11/2022 07:00PM ET,OKC,43.37
,,,,,,,,,PG,Stephen Curry (24725332),Stephen Curry,24725332,PG/G/UTIL,9300,POR@GSW 10/11/2022 10:00PM ET,GSW,46.15
,,,,,,,,,PG,Cade Cunningham (24725335),Cade Cunningham,24725335,PG/G/UTIL,9200,OKC@DET 10/11/2022 07:00PM ET,DET,35.84
,,,,,,,,,C,Jusuf Nurkic (24725338),Jusuf Nurkic,24725338,C/UTIL,9100,POR@GSW 10/11/2022 10:00PM ET,POR,36.15
,,,,,,,,,SF/PF,DeMar DeRozan (24725340),DeMar DeRozan,24725340,SF/PF/F/UTIL,9000,MIL@CHI 10/11/2022 08:00PM ET,CHI,43.05
,,,,,,,,,PG,Jrue Holiday (24725344),Jrue Holiday,24725344,PG/G/UTIL,8800,MIL@CHI 10/11/2022 08:00PM ET,MIL,38.41
,,,,,,,,,PG/SG,Jordan Poole (24725347),Jordan Poole,24725347,PG/SG/G/UTIL,8700,POR@GSW 10/11/2022 10:00PM ET,GSW,30.52
,,,,,,,,,C,Nikola Vucevic (24725351),Nikola Vucevic,24725351,C/UTIL,8600,MIL@CHI 10/11/2022 08:00PM ET,CHI,41.05
,,,,,,,,,C,Wendell Carter Jr. (24725353),Wendell Carter Jr.,24725353,C/UTIL,8500,MEM@ORL 10/11/2022 07:00PM ET,ORL,35.18
,,,,,,,,,PG/SG,Josh Giddey (24725355),Josh Giddey,24725355,PG/SG/G/UTIL,8400,OKC@DET 10/11/2022 07:00PM ET,OKC,34.04
,,,,,,,,,SF,Khris Middleton (24725359),Khris Middleton,24725359,SF/F/UTIL,8300,MIL@CHI 10/11/2022 08:00PM ET,MIL,37.54
,,,,,,,,,SG/SF,Josh Hart (24725362),Josh Hart,24725362,SG/SF/F/G/UTIL,8100,POR@GSW 10/11/2022 10:00PM ET,POR,32.84
,,,,,,,,,SG,Anfernee Simons (24725367),Anfernee Simons,24725367,SG/G/UTIL,7900,POR@GSW 10/11/2022 10:00PM ET,POR,28.34
,,,,,,,,,SG,Klay Thompson (24725370),Klay Thompson,24725370,SG/G/UTIL,7700,POR@GSW 10/11/2022 10:00PM ET,GSW,32.33
,,,,,,,,,SG,Zach LaVine (24725373),Zach LaVine,24725373,SG/G/UTIL,7600,MIL@CHI 10/11/2022 08:00PM ET,CHI,38.85
,,,,,,,,,SG,Desmond Bane (24725376),Desmond Bane,24725376,SG/G/UTIL,7500,MEM@ORL 10/11/2022 07:00PM ET,MEM,31.68
,,,,,,,,,PF/C,Mo Bamba (24725379),Mo Bamba,24725379,PF/C/F/UTIL,7400,MEM@ORL 10/11/2022 07:00PM ET,ORL,27.54
,,,,,,,,,SF,Saddiq Bey (24725383),Saddiq Bey,24725383,SF/F/UTIL,7200,OKC@DET 10/11/2022 07:00PM ET,DET,30.08
,,,,,,,,,C,Drew Eubanks (24725386),Drew Eubanks,24725386,C/UTIL,6900,POR@GSW 10/11/2022 10:00PM ET,POR,17.82
,,,,,,,,,PF/C,Trendon Watford (24725388),Trendon Watford,24725388,PF/C/F/UTIL,6800,POR@GSW 10/11/2022 10:00PM ET,POR,17.20
,,,,,,,,,PG,Mike Conley (24725392),Mike Conley,24725392,PG/G/UTIL,6500,SAS@UTA 10/11/2022 09:00PM ET,UTA,28.55
,,,,,,,,,PF,Jerami Grant (24725395),Jerami Grant,24725395,PF/F/UTIL,6300,POR@GSW 10/11/2022 10:00PM ET,POR,31.91
,,,,,,,,,PF/C,Aleksej Pokusevski (24725398),Aleksej Pokusevski,24725398,PF/C/F/UTIL,6200,OKC@DET 10/11/2022 07:00PM ET,OKC,19.74
,,,,,,,,,PG/SG,Alec Burks (24725402),Alec Burks,24725402,PG/SG/G/UTIL,6100,OKC@DET 10/11/2022 07:00PM ET,DET,25.39
,,,,,,,,,C,Moritz Wagner (24725406),Moritz Wagner,24725406,C/UTIL,6000,MEM@ORL 10/11/2022 07:00PM ET,ORL,16.82
,,,,,,,,,SG/SF,Jordan Nwora (24725408),Jordan Nwora,24725408,SG/SF/F/G/UTIL,5900,MIL@CHI 10/11/2022 08:00PM ET,MIL,13.74
,,,,,,,,,C,Andre Drummond (24725417),Andre Drummond,24725417,C/UTIL,5800,MIL@CHI 10/11/2022 08:00PM ET,CHI,25.15
,,,,,,,,,PG/SG,Jordan Clarkson (24725413),Jordan Clarkson,24725413,PG/SG/G/UTIL,5800,SAS@UTA 10/11/2022 09:00PM ET,UTA,26.38
,,,,,,,,,PF/C,Bobby Portis (24725426),Bobby Portis,24725426,PF/C/F/UTIL,5700,MIL@CHI 10/11/2022 08:00PM ET,MIL,30.74
,,,,,,,,,SG/SF,Dillon Brooks (24725421),Dillon Brooks,24725421,SG/SF/F/G/UTIL,5700,MEM@ORL 10/11/2022 07:00PM ET,MEM,28.10
,,,,,,,,,C,Isaiah Roby (24725419),Isaiah Roby,24725419,C/UTIL,5700,SAS@UTA 10/11/2022 09:00PM ET,SAS,21.74
,,,,,,,,,PG,Cole Anthony (24725430),Cole Anthony,24725430,PG/G/UTIL,5600,MEM@ORL 10/11/2022 07:00PM ET,ORL,33.4
,,,,,,,,,SF/PF,Lauri Markkanen (24725435),Lauri Markkanen,24725435,SF/PF/F/UTIL,5600,SAS@UTA 10/11/2022 09:00PM ET,UTA,27.26
,,,,,,,,,C,Marvin Bagley III (24725433),Marvin Bagley III,24725433,C/UTIL,5600,OKC@DET 10/11/2022 07:00PM ET,DET,22.90
,,,,,,,,,PF/C,Sandro Mamukelashvili (24725456),Sandro Mamukelashvili,24725456,PF/C/F/UTIL,5500,MIL@CHI 10/11/2022 08:00PM ET,MIL,8.06
,,,,,,,,,PG,Tyus Jones (24725445),Tyus Jones,24725445,PG/G/UTIL,5500,MEM@ORL 10/11/2022 07:00PM ET,MEM,20.80
,,,,,,,,,SF/PF,Chuma Okeke (24725448),Chuma Okeke,24725448,SF/PF/F/UTIL,5500,MEM@ORL 10/11/2022 07:00PM ET,ORL,21.84
,,,,,,,,,PF,Keldon Johnson (24725439),Keldon Johnson,24725439,PF/F/UTIL,5500,SAS@UTA 10/11/2022 09:00PM ET,SAS,30.26
,,,,,,,,,PG/SG,Collin Sexton (24725452),Collin Sexton,24725452,PG/SG/G/UTIL,5500,SAS@UTA 10/11/2022 09:00PM ET,UTA,24.14
,,,,,,,,,SF,Luguentz Dort (24725442),Luguentz Dort,24725442,SF/F/UTIL,5500,OKC@DET 10/11/2022 07:00PM ET,OKC,27.90
,,,,,,,,,PF/C,Draymond Green (24725460),Draymond Green,24725460,PF/C/F/UTIL,5400,POR@GSW 10/11/2022 10:00PM ET,GSW,30.44
,,,,,,,,,PG/SG,Brandon Williams (24725464),Brandon Williams,24725464,PG/SG/G/UTIL,5400,POR@GSW 10/11/2022 10:00PM ET,POR,25
,,,,,,,,,C,Steven Adams (24725468),Steven Adams,24725468,C/UTIL,5400,MEM@ORL 10/11/2022 07:00PM ET,MEM,26.29
,,,,,,,,,C,Cody Zeller (24725470),Cody Zeller,24725470,C/UTIL,5400,SAS@UTA 10/11/2022 09:00PM ET,UTA,12.88
,,,,,,,,,C,Tony Bradley (24725488),Tony Bradley,24725488,C/UTIL,5300,MIL@CHI 10/11/2022 08:00PM ET,CHI,9.15
,,,,,,,,,PG,Jevon Carter (24725490),Jevon Carter,24725490,PG/G/UTIL,5300,MIL@CHI 10/11/2022 08:00PM ET,MIL,9.39
,,,,,,,,,SF,Franz Wagner (24725477),Franz Wagner,24725477,SF/F/UTIL,5300,MEM@ORL 10/11/2022 07:00PM ET,ORL,27.65
,,,,,,,,,SG/SF,John Konchar (24725480),John Konchar,24725480,SG/SF/F/G/UTIL,5300,MEM@ORL 10/11/2022 07:00PM ET,MEM,14.06
,,,,,,,,,C,Jakob Poeltl (24725472),Jakob Poeltl,24725472,C/UTIL,5300,SAS@UTA 10/11/2022 09:00PM ET,SAS,33.90
,,,,,,,,,SF,Simone Fontecchio (24725485),Simone Fontecchio,24725485,SF/F/UTIL,5300,SAS@UTA 10/11/2022 09:00PM ET,UTA,0
,,,,,,,,,PF,Bojan Bogdanovic (24725474),Bojan Bogdanovic,24725474,PF/F/UTIL,5300,OKC@DET 10/11/2022 07:00PM ET,DET,27.49
,,,,,,,,,SF/PF,Derrick Jones Jr. (24725511),Derrick Jones Jr.,24725511,SF/PF/F/UTIL,5200,MIL@CHI 10/11/2022 08:00PM ET,CHI,12.25
,,,,,,,,,PF/C,Serge Ibaka (24725520),Serge Ibaka,24725520,PF/C/F/UTIL,5200,MIL@CHI 10/11/2022 08:00PM ET,MIL,14.35
,,,,,,,,,C,James Wiseman (24725515),James Wiseman,24725515,C/UTIL,5200,POR@GSW 10/11/2022 10:00PM ET,GSW,0
,,,,,,,,,PG/SG,R.J. Hampton (24725504),R.J. Hampton,24725504,PG/SG/G/UTIL,5200,MEM@ORL 10/11/2022 07:00PM ET,ORL,16.67
,,,,,,,,,PF,Brandon Clarke (24725517),Brandon Clarke,24725517,PF/F/UTIL,5200,MEM@ORL 10/11/2022 07:00PM ET,MEM,23.06
,,,,,,,,,PG,Tre Jones (24725497),Tre Jones,24725497,PG/G/UTIL,5200,SAS@UTA 10/11/2022 09:00PM ET,SAS,15.02
,,,,,,,,,PF,Stanley Johnson (24725508),Stanley Johnson,24725508,PF/F/UTIL,5200,SAS@UTA 10/11/2022 09:00PM ET,UTA,15.56
,,,,,,,,,PF/C,Darius Bazley (24725493),Darius Bazley,24725493,PF/C/F/UTIL,5200,OKC@DET 10/11/2022 07:00PM ET,OKC,24.59
,,,,,,,,,PF/C,Isaiah Stewart (24725500),Isaiah Stewart,24725500,PF/C/F/UTIL,5200,OKC@DET 10/11/2022 07:00PM ET,DET,23.47
,,,,,,,,,SF/PF,Javonte Green (24725546),Javonte Green,24725546,SF/PF/F/UTIL,5100,MIL@CHI 10/11/2022 08:00PM ET,CHI,16.41
,,,,,,,,,PG/SG,George Hill (24725554),George Hill,24725554,PG/SG/G/UTIL,5100,MIL@CHI 10/11/2022 08:00PM ET,MIL,13.91
,,,,,,,,,SG/SF,Terrence Ross (24725541),Terrence Ross,24725541,SG/SF/F/G/UTIL,5100,MEM@ORL 10/11/2022 07:00PM ET,ORL,17.23
,,,,,,,,,PG/SG,Jacob Gilyard (24725550),Jacob Gilyard,24725550,PG/SG/G/UTIL,5100,MEM@ORL 10/11/2022 07:00PM ET,MEM,0
,,,,,,,,,PF/C,Santi Aldama (24725558),Santi Aldama,24725558,PF/C/F/UTIL,5100,MEM@ORL 10/11/2022 07:00PM ET,MEM,9.44
,,,,,,,,,SG/SF,Devin Vassell (24725524),Devin Vassell,24725524,SG/SF/F/G/UTIL,5100,SAS@UTA 10/11/2022 09:00PM ET,SAS,24.54
,,,,,,,,,SG/SF,Malik Beasley (24725536),Malik Beasley,24725536,SG/SF/F/G/UTIL,5100,SAS@UTA 10/11/2022 09:00PM ET,UTA,20.12
,,,,,,,,,PG/SG,Tre Mann (24725529),Tre Mann,24725529,PG/SG/G/UTIL,5100,OKC@DET 10/11/2022 07:00PM ET,OKC,18.45
,,,,,,,,,PG,Killian Hayes (24725533),Killian Hayes,24725533,PG/G/UTIL,5100,OKC@DET 10/11/2022 07:00PM ET,DET,20.10
,,,,,,,,,PG,Goran Dragic (24725576),Goran Dragic,24725576,PG/G/UTIL,5000,MIL@CHI 10/11/2022 08:00PM ET,CHI,18.89
,,,,,,,,,PF,Thanasis Antetokounmpo (24725588),Thanasis Antetokounmpo,24725588,PF/F/UTIL,5000,MIL@CHI 10/11/2022 08:00PM ET,MIL,6.92
,,,,,,,,,SF,Andrew Wiggins (24725562),Andrew Wiggins,24725562,SF/F/UTIL,5000,POR@GSW 10/11/2022 10:00PM ET,GSW,30.66
,,,,,,,,,SF/PF,Aleem Ford (24725572),Aleem Ford,24725572,SF/PF/F/UTIL,5000,MEM@ORL 10/11/2022 07:00PM ET,ORL,7.35
,,,,,,,,,SF/PF,Justin Bean (24725584),Justin Bean,24725584,SF/PF/F/UTIL,5000,MEM@ORL 10/11/2022 07:00PM ET,MEM,0
,,,,,,,,,PF/C,Zach Collins (24725565),Zach Collins,24725565,PF/C/F/UTIL,5000,SAS@UTA 10/11/2022 09:00PM ET,SAS,19.60
,,,,,,,,,PG,Nickeil Alexander-Walker (24725569),Nickeil Alexander-Walker,24725569,PG/G/UTIL,5000,SAS@UTA 10/11/2022 09:00PM ET,UTA,19.95
,,,,,,,,,SG/SF,Talen Horton-Tucker (24725591),Talen Horton-Tucker,24725591,SG/SF/F/G/UTIL,5000,SAS@UTA 10/11/2022 09:00PM ET,UTA,20.63
,,,,,,,,,SG/SF,Rodney McGruder (24725579),Rodney McGruder,24725579,SG/SF/F/G/UTIL,5000,OKC@DET 10/11/2022 07:00PM ET,DET,10.92
,,,,,,,,,PG/SG,Alex Caruso (24725603),Alex Caruso,24725603,PG/SG/G/UTIL,4900,MIL@CHI 10/11/2022 08:00PM ET,CHI,21.95
,,,,,,,,,C,Brook Lopez (24725614),Brook Lopez,24725614,C/UTIL,4900,MIL@CHI 10/11/2022 08:00PM ET,MIL,22.48
,,,,,,,,,PG/SG,Zavier Simpson (24725599),Zavier Simpson,24725599,PG/SG/G/UTIL,4900,MEM@ORL 10/11/2022 07:00PM ET,ORL,32.19
,,,,,,,,,C,Kenneth Lofton Jr. (24725612),Kenneth Lofton Jr.,24725612,C/UTIL,4900,MEM@ORL 10/11/2022 07:00PM ET,MEM,0
,,,,,,,,,PF,Rudy Gay (24725596),Rudy Gay,24725596,PF/F/UTIL,4900,SAS@UTA 10/11/2022 09:00PM ET,UTA,16.94
,,,,,,,,,C,Gorgui Dieng (24725610),Gorgui Dieng,24725610,C/UTIL,4900,SAS@UTA 10/11/2022 09:00PM ET,SAS,8.79
,,,,,,,,,PG,Cory Joseph (24725607),Cory Joseph,24725607,PG/G/UTIL,4900,OKC@DET 10/11/2022 07:00PM ET,DET,18.49
,,,,,,,,,C,Jaylin Williams (24725616),Jaylin Williams,24725616,C/UTIL,4900,OKC@DET 10/11/2022 07:00PM ET,OKC,0
,,,,,,,,,PG/SG,Coby White (24725628),Coby White,24725628,PG/SG/G/UTIL,4800,MIL@CHI 10/11/2022 08:00PM ET,CHI,22.09
,,,,,,,,,SG/SF,Grayson Allen (24725650),Grayson Allen,24725650,SG/SF/F/G/UTIL,4800,MIL@CHI 10/11/2022 08:00PM ET,MIL,19.77
,,,,,,,,,SF/PF,Justise Winslow (24725618),Justise Winslow,24725618,SF/PF/F/UTIL,4800,POR@GSW 10/11/2022 10:00PM ET,POR,15.80
,,,,,,,,,PG/SG,Ryan Rollins (24725632),Ryan Rollins,24725632,PG/SG/G/UTIL,4800,POR@GSW 10/11/2022 10:00PM ET,GSW,0
,,,,,,,,,SG,Kevon Harris (24725625),Kevon Harris,24725625,SG/G/UTIL,4800,MEM@ORL 10/11/2022 07:00PM ET,ORL,0
,,,,,,,,,SG/SF,Vince Williams Jr. (24725645),Vince Williams Jr.,24725645,SG/SF/F/G/UTIL,4800,MEM@ORL 10/11/2022 07:00PM ET,MEM,0
,,,,,,,,,PF,Jarred Vanderbilt (24725622),Jarred Vanderbilt,24725622,PF/F/UTIL,4800,SAS@UTA 10/11/2022 09:00PM ET,UTA,22.55
,,,,,,,,,SG/SF,Josh Richardson (24725636),Josh Richardson,24725636,SG/SF/F/G/UTIL,4800,SAS@UTA 10/11/2022 09:00PM ET,SAS,19.37
,,,,,,,,,PG/SG,Joshua Primo (24725641),Joshua Primo,24725641,PG/SG/G/UTIL,4800,SAS@UTA 10/11/2022 09:00PM ET,SAS,12.45
,,,,,,,,,SG,Lindy Waters III (24725655),Lindy Waters III,24725655,SG/G/UTIL,4800,OKC@DET 10/11/2022 07:00PM ET,OKC,17.39
,,,,,,,,,PG,Carlik Jones (24725666),Carlik Jones,24725666,PG/G/UTIL,4700,MIL@CHI 10/11/2022 08:00PM ET,CHI,3.15
,,,,,,,,,SG/SF,Pat Connaughton (24725679),Pat Connaughton,24725679,SG/SF/F/G/UTIL,4700,MIL@CHI 10/11/2022 08:00PM ET,MIL,19.92
,,,,,,,,,SF,Nassir Little (24725658),Nassir Little,24725658,SF/F/UTIL,4700,POR@GSW 10/11/2022 10:00PM ET,POR,21.86
,,,,,,,,,SF,Caleb Houstan (24725663),Caleb Houstan,24725663,SF/F/UTIL,4700,MEM@ORL 10/11/2022 07:00PM ET,ORL,0
,,,,,,,,,PG,Kennedy Chandler (24725676),Kennedy Chandler,24725676,PG/G/UTIL,4700,MEM@ORL 10/11/2022 07:00PM ET,MEM,0
,,,,,,,,,C,Kelly Olynyk (24725661),Kelly Olynyk,24725661,C/UTIL,4700,SAS@UTA 10/11/2022 09:00PM ET,UTA,21.13
,,,,,,,,,SF/PF,Keita Bates-Diop (24725672),Keita Bates-Diop,24725672,SF/PF/F/UTIL,4700,SAS@UTA 10/11/2022 09:00PM ET,SAS,12.60
,,,,,,,,,PF,Braxton Key (24725669),Braxton Key,24725669,PF/F/UTIL,4700,OKC@DET 10/11/2022 07:00PM ET,DET,17.96
,,,,,,,,,SF,Aaron Wiggins (24725684),Aaron Wiggins,24725684,SF/F/UTIL,4700,OKC@DET 10/11/2022 07:00PM ET,OKC,16.29
,,,,,,,,,PG/SG,Javon Freeman-Liberty (24725696),Javon Freeman-Liberty,24725696,PG/SG/G/UTIL,4600,MIL@CHI 10/11/2022 08:00PM ET,CHI,0
,,,,,,,,,C,Marques Bolden (24725713),Marques Bolden,24725713,C/UTIL,4600,MIL@CHI 10/11/2022 08:00PM ET,MIL,0
,,,,,,,,,SG/SF,Keon Johnson (24725687),Keon Johnson,24725687,SG/SF/F/G/UTIL,4600,POR@GSW 10/11/2022 10:00PM ET,POR,15.03
,,,,,,,,,PG/SG,Devin Cannady (24725692),Devin Cannady,24725692,PG/SG/G/UTIL,4600,MEM@ORL 10/11/2022 07:00PM ET,ORL,18.7
,,,,,,,,,SG/SF,David Roddy (24725708),David Roddy,24725708,SG/SF/F/G/UTIL,4600,MEM@ORL 10/11/2022 07:00PM ET,MEM,0
,,,,,,,,,SF/PF,Doug McDermott (24725704),Doug McDermott,24725704,SF/PF/F/UTIL,4600,SAS@UTA 10/11/2022 09:00PM ET,SAS,17.42
,,,,,,,,,SF/PF,Isaiah Livers (24725700),Isaiah Livers,24725700,SF/PF/F/UTIL,4600,OKC@DET 10/11/2022 07:00PM ET,DET,14.28
,,,,,,,,,SG/SF,Jalen Williams (24725715),Jalen Williams,24725715,SG/SF/F/G/UTIL,4600,OKC@DET 10/11/2022 07:00PM ET,OKC,0
,,,,,,,,,SF,Malcolm Hill (24725726),Malcolm Hill,24725726,SF/F/UTIL,4500,MIL@CHI 10/11/2022 08:00PM ET,CHI,8.04
,,,,,,,,,SG,AJ Green (24725747),AJ Green,24725747,SG/G/UTIL,4500,MIL@CHI 10/11/2022 08:00PM ET,MIL,0
,,,,,,,,,PG,Ty Jerome (24725733),Ty Jerome,24725733,PG/G/UTIL,4500,POR@GSW 10/11/2022 10:00PM ET,GSW,14.16
,,,,,,,,,SF/PF,Andre Iguodala (24725736),Andre Iguodala,24725736,SF/PF/F/UTIL,4500,POR@GSW 10/11/2022 10:00PM ET,GSW,14.55
,,,,,,,,,SG,Wes Iwundu (24725756),Wes Iwundu,24725756,SG/G/UTIL,4500,POR@GSW 10/11/2022 10:00PM ET,POR,13.75
,,,,,,,,,PG/SG,Gary Payton II (24725759),Gary Payton II,24725759,PG/SG/G/UTIL,4500,POR@GSW 10/11/2022 10:00PM ET,POR,16.11
,,,,,,,,,PF,Paolo Banchero (24725723),Paolo Banchero,24725723,PF/F/UTIL,4500,MEM@ORL 10/11/2022 07:00PM ET,ORL,0
,,,,,,,,,PF,Jake LaRavia (24725744),Jake LaRavia,24725744,PF/F/UTIL,4500,MEM@ORL 10/11/2022 07:00PM ET,MEM,0
,,,,,,,,,SF,Johnny Juzang (24725720),Johnny Juzang,24725720,SF/F/UTIL,4500,SAS@UTA 10/11/2022 09:00PM ET,UTA,0
,,,,,,,,,PF/C,Alize Johnson (24725740),Alize Johnson,24725740,PF/C/F/UTIL,4500,SAS@UTA 10/11/2022 09:00PM ET,SAS,5.86
,,,,,,,,,SF/PF,Kevin Knox II (24725729),Kevin Knox II,24725729,SF/PF/F/UTIL,4500,OKC@DET 10/11/2022 07:00PM ET,DET,6.42
,,,,,,,,,SF/PF,Ousmane Dieng (24725750),Ousmane Dieng,24725750,SF/PF/F/UTIL,4500,OKC@DET 10/11/2022 07:00PM ET,OKC,0
,,,,,,,,,C,Jeremiah Robinson-Earl (24725754),Jeremiah Robinson-Earl,24725754,C/UTIL,4500,OKC@DET 10/11/2022 07:00PM ET,OKC,18.04
,,,,,,,,,PF/C,Marko Simonovic (24725773),Marko Simonovic,24725773,PF/C/F/UTIL,4400,MIL@CHI 10/11/2022 08:00PM ET,CHI,3.67
,,,,,,,,,SF,Marjon Beauchamp (24725793),Marjon Beauchamp,24725793,SF/F/UTIL,4400,MIL@CHI 10/11/2022 08:00PM ET,MIL,0
,,,,,,,,,PG/SG,Donte DiVincenzo (24725763),Donte DiVincenzo,24725763,PG/SG/G/UTIL,4400,POR@GSW 10/11/2022 10:00PM ET,GSW,21.01
,,,,,,,,,SG,Pat Spencer (24725780),Pat Spencer,24725780,SG/G/UTIL,4400,POR@GSW 10/11/2022 10:00PM ET,GSW,0
,,,,,,,,,SF,Jared Rhoden (24725800),Jared Rhoden,24725800,SF/F/UTIL,4400,POR@GSW 10/11/2022 10:00PM ET,POR,0
,,,,,,,,,C,Greg Brown (24725803),Greg Brown,24725803,C/UTIL,4400,POR@GSW 10/11/2022 10:00PM ET,POR,11.20
,,,,,,,,,PG/SG,Jalen Suggs (24725769),Jalen Suggs,24725769,PG/SG/G/UTIL,4400,MEM@ORL 10/11/2022 07:00PM ET,ORL,25.00
,,,,,,,,,SG/SF,Ziaire Williams (24725788),Ziaire Williams,24725788,SG/SF/F/G/UTIL,4400,MEM@ORL 10/11/2022 07:00PM ET,MEM,13.64
,,,,,,,,,C,Walker Kessler (24725767),Walker Kessler,24725767,C/UTIL,4400,SAS@UTA 10/11/2022 09:00PM ET,UTA,0
,,,,,,,,,SG/SF,Malaki Branham (24725783),Malaki Branham,24725783,SG/SF/F/G/UTIL,4400,SAS@UTA 10/11/2022 09:00PM ET,SAS,0
,,,,,,,,,SG,Jaden Ivey (24725777),Jaden Ivey,24725777,SG/G/UTIL,4400,OKC@DET 10/11/2022 07:00PM ET,DET,0
,,,,,,,,,SF/PF,Kenrich Williams (24725796),Kenrich Williams,24725796,SF/PF/F/UTIL,4400,OKC@DET 10/11/2022 07:00PM ET,OKC,18.48
,,,,,,,,,PG/SG,Ayo Dosunmu (24725810),Ayo Dosunmu,24725810,PG/SG/G/UTIL,4300,MIL@CHI 10/11/2022 08:00PM ET,CHI,18.90
,,,,,,,,,PG,Lindell Wigginton (24725830),Lindell Wigginton,24725830,PG/G/UTIL,4300,MIL@CHI 10/11/2022 08:00PM ET,MIL,8.22
,,,,,,,,,PF,Patrick Baldwin Jr. (24725819),Patrick Baldwin Jr.,24725819,PF/F/UTIL,4300,POR@GSW 10/11/2022 10:00PM ET,GSW,0
,,,,,,,,,C,Olivier Sarr (24725837),Olivier Sarr,24725837,C/UTIL,4300,POR@GSW 10/11/2022 10:00PM ET,POR,15.31
,,,,,,,,,C,Bol Bol (24725808),Bol Bol,24725808,C/UTIL,4300,MEM@ORL 10/11/2022 07:00PM ET,ORL,5.38
,,,,,,,,,SF,Ochai Agbaji (24725805),Ochai Agbaji,24725805,SF/F/UTIL,4300,SAS@UTA 10/11/2022 09:00PM ET,UTA,0
,,,,,,,,,SF,Dominick Barlow (24725822),Dominick Barlow,24725822,SF/F/UTIL,4300,SAS@UTA 10/11/2022 09:00PM ET,SAS,0
,,,,,,,,,SG/SF,Romeo Langford (24725825),Romeo Langford,24725825,SG/SF/F/G/UTIL,4300,SAS@UTA 10/11/2022 09:00PM ET,SAS,9.73
,,,,,,,,,SG/SF,Hamidou Diallo (24725814),Hamidou Diallo,24725814,SG/SF/F/G/UTIL,4300,OKC@DET 10/11/2022 07:00PM ET,DET,21.68
,,,,,,,,,PG/SG,Trey Burke (24725833),Trey Burke,24725833,PG/SG/G/UTIL,4300,OKC@DET 10/11/2022 07:00PM ET,OKC,7.88
,,,,,,,,,SF/PF,Patrick Williams (24725849),Patrick Williams,24725849,SF/PF/F/UTIL,4200,MIL@CHI 10/11/2022 08:00PM ET,CHI,18.86
,,,,,,,,,PG,Luca Vildoza (24725865),Luca Vildoza,24725865,PG/G/UTIL,4200,MIL@CHI 10/11/2022 08:00PM ET,MIL,2.57
,,,,,,,,,SF/PF,Jonathan Kuminga (24725839),Jonathan Kuminga,24725839,SF/PF/F/UTIL,4200,POR@GSW 10/11/2022 10:00PM ET,GSW,14.79
,,,,,,,,,SF,Anthony Lamb (24725856),Anthony Lamb,24725856,SF/F/UTIL,4200,POR@GSW 10/11/2022 10:00PM ET,GSW,2.12
,,,,,,,,,PF,Jabari Walker (24725870),Jabari Walker,24725870,PF/F/UTIL,4200,POR@GSW 10/11/2022 10:00PM ET,POR,0
,,,,,,,,,SG,Gary Harris (24725846),Gary Harris,24725846,SG/G/UTIL,4200,MEM@ORL 10/11/2022 07:00PM ET,ORL,18.97
,,,,,,,,,C,Xavier Tillman (24725863),Xavier Tillman,24725863,C/UTIL,4200,MEM@ORL 10/11/2022 07:00PM ET,MEM,12.23
,,,,,,,,,PG,Jared Butler (24725843),Jared Butler,24725843,PG/G/UTIL,4200,SAS@UTA 10/11/2022 09:00PM ET,UTA,8.38
,,,,,,,,,SF/PF,Jeremy Sochan (24725859),Jeremy Sochan,24725859,SF/PF/F/UTIL,4200,SAS@UTA 10/11/2022 09:00PM ET,SAS,0
,,,,,,,,,PG,Kemba Walker (24725853),Kemba Walker,24725853,PG/G/UTIL,4200,OKC@DET 10/11/2022 07:00PM ET,DET,22.95
,,,,,,,,,C,Mike Muscala (24725868),Mike Muscala,24725868,C/UTIL,4200,OKC@DET 10/11/2022 07:00PM ET,OKC,15.22
,,,,,,,,,SG/SF,Dalen Terry (24725882),Dalen Terry,24725882,SG/SF/F/G/UTIL,4100,MIL@CHI 10/11/2022 08:00PM ET,CHI,0
,,,,,,,,,SG/SF,Wesley Matthews (24725897),Wesley Matthews,24725897,SG/SF/F/G/UTIL,4100,MIL@CHI 10/11/2022 08:00PM ET,MIL,10.96
,,,,,,,,,C,Kevon Looney (24725873),Kevon Looney,24725873,C/UTIL,4100,POR@GSW 10/11/2022 10:00PM ET,GSW,20.21
,,,,,,,,,SG/SF,Moses Moody (24725889),Moses Moody,24725889,SG/SF/F/G/UTIL,4100,POR@GSW 10/11/2022 10:00PM ET,GSW,7.4
,,,,,,,,,PG/SG,Shaedon Sharpe (24725904),Shaedon Sharpe,24725904,PG/SG/G/UTIL,4100,POR@GSW 10/11/2022 10:00PM ET,POR,0
,,,,,,,,,SF/PF,Jonathan Isaac (24725878),Jonathan Isaac,24725878,SF/PF/F/UTIL,4100,MEM@ORL 10/11/2022 07:00PM ET,ORL,0
,,,,,,,,,PG,Leandro Bolmaro (24725875),Leandro Bolmaro,24725875,PG/G/UTIL,4100,SAS@UTA 10/11/2022 09:00PM ET,UTA,4.09
,,,,,,,,,PF,Joe Wieskamp (24725894),Joe Wieskamp,24725894,PF/F/UTIL,4100,SAS@UTA 10/11/2022 09:00PM ET,SAS,3.86
,,,,,,,,,C,Nerlens Noel (24725887),Nerlens Noel,24725887,C/UTIL,4100,OKC@DET 10/11/2022 07:00PM ET,DET,16.31
,,,,,,,,,C,Marquese Chriss (24725902),Marquese Chriss,24725902,C/UTIL,4100,OKC@DET 10/11/2022 07:00PM ET,OKC,9.02
,,,,,,,,,PF,Kostas Antetokounmpo (24725908),Kostas Antetokounmpo,24725908,PF/F/UTIL,4000,MIL@CHI 10/11/2022 08:00PM ET,CHI,0
,,,,,,,,,PG,Lonzo Ball (24725916),Lonzo Ball,24725916,PG/G/UTIL,4000,MIL@CHI 10/11/2022 08:00PM ET,CHI,33.46
,,,,,,,,,SF/PF,Justin Lewis (24725927),Justin Lewis,24725927,SF/PF/F/UTIL,4000,MIL@CHI 10/11/2022 08:00PM ET,CHI,0
,,,,,,,,,PG/SF,Joe Ingles (24725971),Joe Ingles,24725971,PG/SF/F/G/UTIL,4000,MIL@CHI 10/11/2022 08:00PM ET,MIL,17.73
,,,,,,,,,PF/C,JaMychal Green (24725944),JaMychal Green,24725944,PF/C/F/UTIL,4000,POR@GSW 10/11/2022 10:00PM ET,GSW,14.43
,,,,,,,,,SF,Jerome Robinson (24725948),Jerome Robinson,24725948,SF/F/UTIL,4000,POR@GSW 10/11/2022 10:00PM ET,GSW,0
,,,,,,,,,PG,Lester Quinones (24725951),Lester Quinones,24725951,PG/G/UTIL,4000,POR@GSW 10/11/2022 10:00PM ET,GSW,0
,,,,,,,,,PG,Quinndary Weatherspoon (24725954),Quinndary Weatherspoon,24725954,PG/G/UTIL,4000,POR@GSW 10/11/2022 10:00PM ET,GSW,5.27
,,,,,,,,,PG,Isaiah Miller (24725989),Isaiah Miller,24725989,PG/G/UTIL,4000,POR@GSW 10/11/2022 10:00PM ET,POR,0
,,,,,,,,,C,Jaren Jackson Jr. (24725911),Jaren Jackson Jr.,24725911,C/UTIL,4000,MEM@ORL 10/11/2022 07:00PM ET,MEM,31.85
,,,,,,,,,PG,Markelle Fultz (24725913),Markelle Fultz,24725913,PG/G/UTIL,4000,MEM@ORL 10/11/2022 07:00PM ET,ORL,24.35
,,,,,,,,,SG,Danny Green (24725919),Danny Green,24725919,SG/G/UTIL,4000,MEM@ORL 10/11/2022 07:00PM ET,MEM,14.68
,,,,,,,,,SF,Admiral Schofield (24725924),Admiral Schofield,24725924,SF/F/UTIL,4000,MEM@ORL 10/11/2022 07:00PM ET,ORL,8.30
,,,,,,,,,PF/C,Killian Tillie (24725967),Killian Tillie,24725967,PF/C/F/UTIL,4000,MEM@ORL 10/11/2022 07:00PM ET,MEM,8.58
,,,,,,,,,C,Udoka Azubuike (24725922),Udoka Azubuike,24725922,C/UTIL,4000,SAS@UTA 10/11/2022 09:00PM ET,UTA,11.07
,,,,,,,,,PG/SG,Tommy Kuhse (24725957),Tommy Kuhse,24725957,PG/SG/G/UTIL,4000,SAS@UTA 10/11/2022 09:00PM ET,SAS,0
,,,,,,,,,PG,Jordan Hall (24725961),Jordan Hall,24725961,PG/G/UTIL,4000,SAS@UTA 10/11/2022 09:00PM ET,SAS,0
,,,,,,,,,PG,Blake Wesley (24725964),Blake Wesley,24725964,PG/G/UTIL,4000,SAS@UTA 10/11/2022 09:00PM ET,SAS,0
,,,,,,,,,PG/SG,Stanley Umude (24725931),Stanley Umude,24725931,PG/SG/G/UTIL,4000,OKC@DET 10/11/2022 07:00PM ET,DET,0
,,,,,,,,,PG/SG,Jules Bernard (24725935),Jules Bernard,24725935,PG/SG/G/UTIL,4000,OKC@DET 10/11/2022 07:00PM ET,DET,0
,,,,,,,,,SG,Buddy Boeheim (24725939),Buddy Boeheim,24725939,SG/G/UTIL,4000,OKC@DET 10/11/2022 07:00PM ET,DET,0
,,,,,,,,,C,Jalen Duren (24725942),Jalen Duren,24725942,C/UTIL,4000,OKC@DET 10/11/2022 07:00PM ET,DET,0
,,,,,,,,,SG/SF,David Nwaba (24725976),David Nwaba,24725976,SG/SF/F/G/UTIL,4000,OKC@DET 10/11/2022 07:00PM ET,OKC,12.33
,,,,,,,,,SG,Robert Woodard II (24725981),Robert Woodard II,24725981,SG/G/UTIL,4000,OKC@DET 10/11/2022 07:00PM ET,OKC,2.44
,,,,,,,,,PF,Eugene Omoruyi (24725984),Eugene Omoruyi,24725984,PF/F/UTIL,4000,OKC@DET 10/11/2022 07:00PM ET,OKC,4.81
,,,,,,,,,C,Chet Holmgren (24725987),Chet Holmgren,24725987,C/UTIL,4000,OKC@DET 10/11/2022 07:00PM ET,OKC,0
